2026-06-01 11:31:38,495 [Worker-4: Loading available Gradle versions] INFO  o.e.b.c.i.u.g.PublishedGradleVersions - Gradle version information cache is up-to-date. Trying to read.
2026-06-01 11:35:12,747 [Worker-3: Loading available Gradle versions] INFO  o.e.b.c.i.u.g.PublishedGradleVersions - Gradle version information cache is up-to-date. Trying to read.
2026-06-01 13:40:14,639 [Worker-6: Loading available Gradle versions] INFO  o.e.b.c.i.u.g.PublishedGradleVersions - Gradle version information cache is up-to-date. Trying to read.
2026-06-02 13:01:55,142 [Worker-1: Loading available Gradle versions] INFO  o.e.b.c.i.u.g.PublishedGradleVersions - Gradle version information cache is out-of-date. Trying to update.
2026-06-02 16:28:10,592 [Worker-5: Loading available Gradle versions] INFO  o.e.b.c.i.u.g.PublishedGradleVersions - Gradle version information cache is up-to-date. Trying to read.
2026-06-03 10:55:47,586 [Worker-5: Loading available Gradle versions] INFO  o.e.b.c.i.u.g.PublishedGradleVersions - Gradle version information cache is up-to-date. Trying to read.
2026-06-03 12:01:12,202 [Worker-1: Loading available Gradle versions] INFO  o.e.b.c.i.u.g.PublishedGradleVersions - Gradle version information cache is up-to-date. Trying to read.
2026-06-03 15:45:05,338 [Worker-1: Loading available Gradle versions] INFO  o.e.b.c.i.u.g.PublishedGradleVersions - Gradle version information cache is out-of-date. Trying to update.
2026-06-04 11:51:34,746 [Worker-6: Loading available Gradle versions] INFO  o.e.b.c.i.u.g.PublishedGradleVersions - Gradle version information cache is up-to-date. Trying to read.
2026-06-04 16:12:17,620 [Worker-0: Loading available Gradle versions] INFO  o.e.b.c.i.u.g.PublishedGradleVersions - Gradle version information cache is out-of-date. Trying to update.
2026-06-04 19:07:45,041 [Worker-4: Loading available Gradle versions] INFO  o.e.b.c.i.u.g.PublishedGradleVersions - Gradle version information cache is up-to-date. Trying to read.
2026-06-05 12:14:11,085 [Worker-2: Loading available Gradle versions] INFO  o.e.b.c.i.u.g.PublishedGradleVersions - Gradle version information cache is up-to-date. Trying to read.
2026-06-05 21:10:05,506 [Worker-5: Loading available Gradle versions] INFO  o.e.b.c.i.u.g.PublishedGradleVersions - Gradle version information cache is out-of-date. Trying to update.
2026-06-06 19:10:55,838 [Worker-3: Loading available Gradle versions] INFO  o.e.b.c.i.u.g.PublishedGradleVersions - Gradle version information cache is up-to-date. Trying to read.
2026-06-08 10:25:00,104 [Worker-9: Loading available Gradle versions] INFO  o.e.b.c.i.u.g.PublishedGradleVersions - Gradle version information cache is out-of-date. Trying to update.
2026-06-09 13:13:14,060 [Worker-1: Loading available Gradle versions] INFO  o.e.b.c.i.u.g.PublishedGradleVersions - Gradle version information cache is out-of-date. Trying to update.
2026-06-09 15:23:32,661 [Worker-1: Loading available Gradle versions] INFO  o.e.b.c.i.u.g.PublishedGradleVersions - Gradle version information cache is up-to-date. Trying to read.
2026-06-09 20:04:33,840 [Worker-6: Loading available Gradle versions] INFO  o.e.b.c.i.u.g.PublishedGradleVersions - Gradle version information cache is up-to-date. Trying to read.
2026-06-10 11:25:21,120 [Worker-7: Loading available Gradle versions] INFO  o.e.b.c.i.u.g.PublishedGradleVersions - Gradle version information cache is up-to-date. Trying to read.
2026-06-10 13:20:29,018 [Worker-0: Loading available Gradle versions] INFO  o.e.b.c.i.u.g.PublishedGradleVersions - Gradle version information cache is out-of-date. Trying to update.
2026-06-10 16:06:19,866 [Worker-0: Loading available Gradle versions] INFO  o.e.b.c.i.u.g.PublishedGradleVersions - Gradle version information cache is up-to-date. Trying to read.
2026-06-10 19:28:26,162 [Worker-1: Loading available Gradle versions] INFO  o.e.b.c.i.u.g.PublishedGradleVersions - Gradle version information cache is up-to-date. Trying to read.
2026-06-11 11:14:36,338 [Worker-6: Loading available Gradle versions] INFO  o.e.b.c.i.u.g.PublishedGradleVersions - Gradle version information cache is up-to-date. Trying to read.
2026-06-11 14:44:53,491 [Worker-1: Loading available Gradle versions] INFO  o.e.b.c.i.u.g.PublishedGradleVersions - Gradle version information cache is out-of-date. Trying to update.
2026-06-12 08:10:51,400 [Worker-0: Loading available Gradle versions] INFO  o.e.b.c.i.u.g.PublishedGradleVersions - Gradle version information cache is up-to-date. Trying to read.
2026-06-12 17:04:10,265 [Worker-0: Loading available Gradle versions] INFO  o.e.b.c.i.u.g.PublishedGradleVersions - Gradle version information cache is out-of-date. Trying to update.
2026-06-12 17:55:46,955 [Worker-2: Loading available Gradle versions] INFO  o.e.b.c.i.u.g.PublishedGradleVersions - Gradle version information cache is up-to-date. Trying to read.
2026-06-15 15:30:31,806 [Worker-3: Loading available Gradle versions] INFO  o.e.b.c.i.u.g.PublishedGradleVersions - Gradle version information cache is out-of-date. Trying to update.
2026-06-16 13:40:10,361 [Worker-6: Loading available Gradle versions] INFO  o.e.b.c.i.u.g.PublishedGradleVersions - Gradle version information cache is up-to-date. Trying to read.
2026-06-18 15:21:33,451 [Worker-6: Loading available Gradle versions] INFO  o.e.b.c.i.u.g.PublishedGradleVersions - Gradle version information cache is up-to-date. Trying to read.
2026-06-19 11:04:34,755 [Worker-3: Loading available Gradle versions] INFO  o.e.b.c.i.u.g.PublishedGradleVersions - Gradle version information cache is up-to-date. Trying to read.
2026-06-19 16:20:02,885 [Worker-5: Loading available Gradle versions] INFO  o.e.b.c.i.u.g.PublishedGradleVersions - Gradle version information cache is out-of-date. Trying to update.
2026-06-19 23:53:18,951 [Worker-6: Loading available Gradle versions] INFO  o.e.b.c.i.u.g.PublishedGradleVersions - Gradle version information cache is up-to-date. Trying to read.
2026-06-20 00:23:51,891 [Worker-0: Loading available Gradle versions] INFO  o.e.b.c.i.u.g.PublishedGradleVersions - Gradle version information cache is up-to-date. Trying to read.
2026-06-20 11:33:19,962 [Worker-0: Loading available Gradle versions] INFO  o.e.b.c.i.u.g.PublishedGradleVersions - Gradle version information cache is up-to-date. Trying to read.
2026-06-20 11:37:35,889 [Worker-1: Loading available Gradle versions] INFO  o.e.b.c.i.u.g.PublishedGradleVersions - Gradle version information cache is up-to-date. Trying to read.
2026-06-20 21:14:24,920 [Worker-0: Loading available Gradle versions] INFO  o.e.b.c.i.u.g.PublishedGradleVersions - Gradle version information cache is out-of-date. Trying to update.
2026-06-21 14:10:48,509 [Worker-4: Loading available Gradle versions] INFO  o.e.b.c.i.u.g.PublishedGradleVersions - Gradle version information cache is up-to-date. Trying to read.
2026-06-22 11:26:09,972 [Worker-5: Loading available Gradle versions] INFO  o.e.b.c.i.u.g.PublishedGradleVersions - Gradle version information cache is out-of-date. Trying to update.
2026-06-22 11:26:10,131 [Worker-5: Loading available Gradle versions] INFO  o.e.b.c.i.u.g.PublishedGradleVersions - Updating Gradle version information cache failed. Using outdated cache.
2026-06-22 16:12:39,853 [Worker-6: Loading available Gradle versions] INFO  o.e.b.c.i.u.g.PublishedGradleVersions - Gradle version information cache is out-of-date. Trying to update.
2026-06-22 16:22:10,054 [Worker-1: Loading available Gradle versions] INFO  o.e.b.c.i.u.g.PublishedGradleVersions - Gradle version information cache is up-to-date. Trying to read.
2026-06-23 13:34:52,414 [Worker-0: Loading available Gradle versions] INFO  o.e.b.c.i.u.g.PublishedGradleVersions - Gradle version information cache is up-to-date. Trying to read.
2026-06-23 23:10:59,010 [Worker-6: Loading available Gradle versions] INFO  o.e.b.c.i.u.g.PublishedGradleVersions - Gradle version information cache is out-of-date. Trying to update.
2026-06-24 14:07:51,468 [Worker-2: Loading available Gradle versions] INFO  o.e.b.c.i.u.g.PublishedGradleVersions - Gradle version information cache is up-to-date. Trying to read.
2026-06-28 13:31:54,203 [Worker-3: Loading available Gradle versions] INFO  o.e.b.c.i.u.g.PublishedGradleVersions - Gradle version information cache is out-of-date. Trying to update.
2026-07-08 10:38:09,059 [Worker-2: Loading available Gradle versions] INFO  o.e.b.c.i.u.g.PublishedGradleVersions - Gradle version information cache is up-to-date. Trying to read.
2026-07-09 16:12:12,318 [Worker-0: Loading available Gradle versions] INFO  o.e.b.c.i.u.g.PublishedGradleVersions - Gradle version information cache is out-of-date. Trying to update.
2026-07-09 21:40:07,916 [Worker-1: Loading available Gradle versions] INFO  o.e.b.c.i.u.g.PublishedGradleVersions - Gradle version information cache is up-to-date. Trying to read.
2026-07-10 11:40:26,543 [Worker-1: Loading available Gradle versions] INFO  o.e.b.c.i.u.g.PublishedGradleVersions - Gradle version information cache is up-to-date. Trying to read.
2026-07-12 12:19:23,209 [Worker-1: Loading available Gradle versions] INFO  o.e.b.c.i.u.g.PublishedGradleVersions - Gradle version information cache is out-of-date. Trying to update.
2026-07-13 12:56:58,302 [Worker-6: Loading available Gradle versions] INFO  o.e.b.c.i.u.g.PublishedGradleVersions - Gradle version information cache is out-of-date. Trying to update.
2026-07-13 21:47:06,768 [Worker-1: Loading available Gradle versions] INFO  o.e.b.c.i.u.g.PublishedGradleVersions - Gradle version information cache is up-to-date. Trying to read.
2026-07-14 10:37:48,731 [Worker-1: Loading available Gradle versions] INFO  o.e.b.c.i.u.g.PublishedGradleVersions - Gradle version information cache is up-to-date. Trying to read.
2026-07-14 17:25:17,078 [Worker-2: Loading available Gradle versions] INFO  o.e.b.c.i.u.g.PublishedGradleVersions - Gradle version information cache is out-of-date. Trying to update.
2026-07-14 20:21:19,264 [Worker-3: Loading available Gradle versions] INFO  o.e.b.c.i.u.g.PublishedGradleVersions - Gradle version information cache is up-to-date. Trying to read.
2026-07-15 11:33:10,738 [Worker-3: Loading available Gradle versions] INFO  o.e.b.c.i.u.g.PublishedGradleVersions - Gradle version information cache is up-to-date. Trying to read.
2026-07-15 20:31:02,820 [Worker-6: Loading available Gradle versions] INFO  o.e.b.c.i.u.g.PublishedGradleVersions - Gradle version information cache is out-of-date. Trying to update.
2026-07-16 11:53:56,991 [Worker-1: Loading available Gradle versions] INFO  o.e.b.c.i.u.g.PublishedGradleVersions - Gradle version information cache is up-to-date. Trying to read.
2026-07-17 11:46:42,988 [Worker-4: Loading available Gradle versions] INFO  o.e.b.c.i.u.g.PublishedGradleVersions - Gradle version information cache is out-of-date. Trying to update.
2026-07-18 15:54:15,795 [Worker-0: Loading available Gradle versions] INFO  o.e.b.c.i.u.g.PublishedGradleVersions - Gradle version information cache is out-of-date. Trying to update.
2026-07-20 17:02:54,814 [Worker-1: Loading available Gradle versions] INFO  o.e.b.c.i.u.g.PublishedGradleVersions - Gradle version information cache is out-of-date. Trying to update.
2026-07-24 15:54:56,220 [Worker-2: Loading available Gradle versions] INFO  o.e.b.c.i.u.g.PublishedGradleVersions - Gradle version information cache is out-of-date. Trying to update.
2026-07-27 14:11:28,963 [Worker-3: Loading available Gradle versions] INFO  o.e.b.c.i.u.g.PublishedGradleVersions - Gradle version information cache is out-of-date. Trying to update.
2026-07-29 11:28:06,621 [Worker-0: Loading available Gradle versions] INFO  o.e.b.c.i.u.g.PublishedGradleVersions - Gradle version information cache is out-of-date. Trying to update.
2026-07-29 22:02:09,818 [Worker-0: Loading available Gradle versions] INFO  o.e.b.c.i.u.g.PublishedGradleVersions - Gradle version information cache is up-to-date. Trying to read.
2026-07-30 12:36:36,077 [Worker-2: Loading available Gradle versions] INFO  o.e.b.c.i.u.g.PublishedGradleVersions - Gradle version information cache is out-of-date. Trying to update.
2026-07-30 19:42:22,857 [Worker-5: Loading available Gradle versions] INFO  o.e.b.c.i.u.g.PublishedGradleVersions - Gradle version information cache is up-to-date. Trying to read.
2026-07-31 13:23:03,660 [Worker-1: Loading available Gradle versions] INFO  o.e.b.c.i.u.g.PublishedGradleVersions - Gradle version information cache is out-of-date. Trying to update.
2026-08-01 17:06:23,536 [Worker-2: Loading available Gradle versions] INFO  o.e.b.c.i.u.g.PublishedGradleVersions - Gradle version information cache is out-of-date. Trying to update.
2026-08-03 12:50:02,343 [Worker-6: Loading available Gradle versions] INFO  o.e.b.c.i.u.g.PublishedGradleVersions - Gradle version information cache is out-of-date. Trying to update.
2026-08-04 11:37:48,658 [Worker-6: Loading available Gradle versions] INFO  o.e.b.c.i.u.g.PublishedGradleVersions - Gradle version information cache is up-to-date. Trying to read.
2026-08-04 11:38:04,442 [Worker-0: Loading available Gradle versions] INFO  o.e.b.c.i.u.g.PublishedGradleVersions - Gradle version information cache is up-to-date. Trying to read.
2026-08-05 13:57:28,321 [Worker-5: Loading available Gradle versions] INFO  o.e.b.c.i.u.g.PublishedGradleVersions - Gradle version information cache is up-to-date. Trying to read.
2026-08-05 23:22:26,090 [Worker-6: Loading available Gradle versions] INFO  o.e.b.c.i.u.g.PublishedGradleVersions - Gradle version information cache is up-to-date. Trying to read.
2026-08-07 21:28:54,043 [Worker-2: Loading available Gradle versions] INFO  o.e.b.c.i.u.g.PublishedGradleVersions - Gradle version information cache is up-to-date. Trying to read.
2026-08-08 11:35:48,112 [Worker-0: Loading available Gradle versions] INFO  o.e.b.c.i.u.g.PublishedGradleVersions - Gradle version information cache is up-to-date. Trying to read.
2026-08-10 11:58:28,508 [Worker-0: Loading available Gradle versions] INFO  o.e.b.c.i.u.g.PublishedGradleVersions - Gradle version information cache is up-to-date. Trying to read.
2026-08-11 15:52:58,393 [Worker-0: Loading available Gradle versions] INFO  o.e.b.c.i.u.g.PublishedGradleVersions - Gradle version information cache is out-of-date. Trying to update.
2026-08-12 12:40:58,890 [Worker-0: Loading available Gradle versions] INFO  o.e.b.c.i.u.g.PublishedGradleVersions - Gradle version information cache is up-to-date. Trying to read.
2026-08-12 12:41:41,978 [Worker-0: Loading available Gradle versions] INFO  o.e.b.c.i.u.g.PublishedGradleVersions - Gradle version information cache is up-to-date. Trying to read.
2026-08-12 15:52:33,629 [Worker-2: Loading available Gradle versions] INFO  o.e.b.c.i.u.g.PublishedGradleVersions - Gradle version information cache is up-to-date. Trying to read.
2026-08-13 11:45:05,280 [Worker-0: Loading available Gradle versions] INFO  o.e.b.c.i.u.g.PublishedGradleVersions - Gradle version information cache is out-of-date. Trying to update.
2026-08-13 18:20:28,143 [Worker-5: Loading available Gradle versions] INFO  o.e.b.c.i.u.g.PublishedGradleVersions - Gradle version information cache is up-to-date. Trying to read.
2026-08-21 11:40:04,540 [Worker-4: Loading available Gradle versions] INFO  o.e.b.c.i.u.g.PublishedGradleVersions - Gradle version information cache is up-to-date. Trying to read.
2026-08-23 20:48:42,675 [Worker-0: Loading available Gradle versions] INFO  o.e.b.c.i.u.g.PublishedGradleVersions - Gradle version information cache is out-of-date. Trying to update.
2026-08-24 14:29:19,984 [Worker-6: Loading available Gradle versions] INFO  o.e.b.c.i.u.g.PublishedGradleVersions - Gradle version information cache is up-to-date. Trying to read.
2026-08-24 16:46:31,112 [Worker-3: Loading available Gradle versions] INFO  o.e.b.c.i.u.g.PublishedGradleVersions - Gradle version information cache is up-to-date. Trying to read.
2026-09-10 20:17:31,194 [Worker-3: Loading available Gradle versions] INFO  o.e.b.c.i.u.g.PublishedGradleVersions - Gradle version information cache is up-to-date. Trying to read.
2026-09-10 21:02:12,143 [Worker-57: Creating maven-archetype-webapp] INFO  o.e.m.c.i.p.ProjectConfigurationManager - Collecting project info '/pom.xml' D:\Rays\WorkSpaces\Interviews\dynamic-web\pom.xml
2026-09-10 21:02:14,634 [Worker-57: Creating maven-archetype-webapp] INFO  o.e.m.c.i.l.LifecycleMappingFactory - Using org.maven.ide.eclipse.wtp.WarLifecycleMapping lifecycle mapping for MavenProject: com.demo:dynamic-web:0.0.1-SNAPSHOT @ D:\Rays\WorkSpaces\Interviews\dynamic-web\pom.xml.
2026-09-10 21:02:15,921 [Worker-57: Creating maven-archetype-webapp] INFO  o.e.m.j.i.AbstractJavaProjectConfigurator - Adding source folder /dynamic-web/src/main/java
2026-09-10 21:02:15,923 [Worker-57: Creating maven-archetype-webapp] INFO  o.e.m.j.i.AbstractJavaProjectConfigurator - Adding resource folder /dynamic-web/src/main/resources
2026-09-10 21:02:15,923 [Worker-57: Creating maven-archetype-webapp] INFO  o.e.m.j.i.AbstractJavaProjectConfigurator - Adding source folder /dynamic-web/src/test/java
2026-09-10 21:02:16,706 [Worker-57: Creating maven-archetype-webapp] INFO  o.e.m.c.i.p.ProjectConfigurationManager - Imported and configured 1 project(s) in 4 sec
2026-09-10 21:02:17,015 [Worker-49: Building workspace] WARN  o.e.m.c.i.embedder.EclipseLogger - Using platform encoding (Cp1252 actually) to copy filtered resources, i.e. build is platform dependent!
2026-09-10 21:02:17,021 [Worker-49: Building workspace] INFO  o.e.m.c.i.embedder.EclipseLogger - Copying 0 resource
2026-09-10 21:02:17,023 [Worker-49: Building workspace] WARN  o.e.m.c.i.embedder.EclipseLogger - Using platform encoding (Cp1252 actually) to copy filtered resources, i.e. build is platform dependent!
2026-09-10 21:02:17,024 [Worker-49: Building workspace] INFO  o.e.m.c.i.embedder.EclipseLogger - skip non existing resourceDirectory D:\Rays\WorkSpaces\Interviews\dynamic-web\src\test\resources
2026-09-10 21:02:18,095 [Worker-59: Building workspace] WARN  o.e.m.c.i.embedder.EclipseLogger - Using platform encoding (Cp1252 actually) to copy filtered resources, i.e. build is platform dependent!
2026-09-10 21:02:18,098 [Worker-59: Building workspace] INFO  o.e.m.c.i.embedder.EclipseLogger - Copying 0 resource
2026-09-10 21:02:18,099 [Worker-59: Building workspace] WARN  o.e.m.c.i.embedder.EclipseLogger - Using platform encoding (Cp1252 actually) to copy filtered resources, i.e. build is platform dependent!
2026-09-10 21:02:18,100 [Worker-59: Building workspace] INFO  o.e.m.c.i.embedder.EclipseLogger - skip non existing resourceDirectory D:\Rays\WorkSpaces\Interviews\dynamic-web\src\test\resources
2026-09-10 21:02:55,099 [Worker-49: Building workspace] INFO  o.e.m.c.i.l.LifecycleMappingFactory - Using org.maven.ide.eclipse.wtp.WarLifecycleMapping lifecycle mapping for MavenProject: com.demo:dynamic-web:0.0.1-SNAPSHOT @ D:\Rays\WorkSpaces\Interviews\dynamic-web\pom.xml.
2026-09-10 21:02:55,957 [Worker-49: Building workspace] WARN  o.e.m.c.i.embedder.EclipseLogger - Using platform encoding (Cp1252 actually) to copy filtered resources, i.e. build is platform dependent!
2026-09-10 21:02:55,960 [Worker-49: Building workspace] INFO  o.e.m.c.i.embedder.EclipseLogger - Copying 0 resource
2026-09-10 21:02:55,963 [Worker-49: Building workspace] WARN  o.e.m.c.i.embedder.EclipseLogger - Using platform encoding (Cp1252 actually) to copy filtered resources, i.e. build is platform dependent!
2026-09-10 21:02:55,964 [Worker-49: Building workspace] INFO  o.e.m.c.i.embedder.EclipseLogger - skip non existing resourceDirectory D:\Rays\WorkSpaces\Interviews\dynamic-web\src\test\resources
2026-09-10 21:02:55,964 [Worker-49: Building workspace] INFO  o.e.m.w.i.f.ResourceFilteringBuildParticipant - Changed resources require a complete clean of filtered resources of dynamic-web
2026-09-10 21:02:55,965 [Worker-49: Building workspace] INFO  o.e.m.w.i.f.ResourceFilteringBuildParticipant - Executing resource filtering for dynamic-web
2026-09-10 21:02:55,971 [Worker-49: Building workspace] WARN  o.e.m.c.i.embedder.EclipseLogger - Using platform encoding (Cp1252 actually) to copy filtered resources, i.e. build is platform dependent!
2026-09-10 21:02:57,161 [Worker-49: Building workspace] WARN  o.e.m.c.i.embedder.EclipseLogger - Using platform encoding (Cp1252 actually) to copy filtered resources, i.e. build is platform dependent!
2026-09-10 21:02:57,162 [Worker-49: Building workspace] INFO  o.e.m.c.i.embedder.EclipseLogger - Copying 0 resource
2026-09-10 21:02:57,164 [Worker-49: Building workspace] WARN  o.e.m.c.i.embedder.EclipseLogger - Using platform encoding (Cp1252 actually) to copy filtered resources, i.e. build is platform dependent!
2026-09-10 21:02:57,164 [Worker-49: Building workspace] INFO  o.e.m.c.i.embedder.EclipseLogger - skip non existing resourceDirectory D:\Rays\WorkSpaces\Interviews\dynamic-web\src\test\resources
2026-09-10 21:03:39,825 [Worker-55: Building workspace] WARN  o.e.m.c.i.embedder.EclipseLogger - Using platform encoding (Cp1252 actually) to copy filtered resources, i.e. build is platform dependent!
2026-09-10 21:03:39,827 [Worker-55: Building workspace] INFO  o.e.m.c.i.embedder.EclipseLogger - Copying 0 resource
2026-09-10 21:03:39,828 [Worker-55: Building workspace] WARN  o.e.m.c.i.embedder.EclipseLogger - Using platform encoding (Cp1252 actually) to copy filtered resources, i.e. build is platform dependent!
2026-09-10 21:03:39,828 [Worker-55: Building workspace] INFO  o.e.m.c.i.embedder.EclipseLogger - skip non existing resourceDirectory D:\Rays\WorkSpaces\Interviews\dynamic-web\src\test\resources
2026-09-10 21:12:49,521 [Worker-61: Building workspace] WARN  o.e.m.c.i.embedder.EclipseLogger - Using platform encoding (Cp1252 actually) to copy filtered resources, i.e. build is platform dependent!
2026-09-10 21:12:49,525 [Worker-61: Building workspace] INFO  o.e.m.c.i.embedder.EclipseLogger - Copying 0 resource
2026-09-10 21:12:49,527 [Worker-61: Building workspace] WARN  o.e.m.c.i.embedder.EclipseLogger - Using platform encoding (Cp1252 actually) to copy filtered resources, i.e. build is platform dependent!
2026-09-10 21:12:49,528 [Worker-61: Building workspace] INFO  o.e.m.c.i.embedder.EclipseLogger - skip non existing resourceDirectory D:\Rays\WorkSpaces\Interviews\dynamic-web\src\test\resources
2026-09-10 21:14:12,014 [Worker-60: Building workspace] WARN  o.e.m.c.i.embedder.EclipseLogger - Using platform encoding (Cp1252 actually) to copy filtered resources, i.e. build is platform dependent!
2026-09-10 21:14:12,016 [Worker-60: Building workspace] INFO  o.e.m.c.i.embedder.EclipseLogger - Copying 1 resource
2026-09-10 21:14:12,031 [Worker-60: Building workspace] WARN  o.e.m.c.i.embedder.EclipseLogger - Using platform encoding (Cp1252 actually) to copy filtered resources, i.e. build is platform dependent!
2026-09-10 21:14:12,033 [Worker-60: Building workspace] INFO  o.e.m.c.i.embedder.EclipseLogger - skip non existing resourceDirectory D:\Rays\WorkSpaces\Interviews\dynamic-web\src\test\resources
2026-09-10 21:14:39,500 [Worker-60: Building workspace] WARN  o.e.m.c.i.embedder.EclipseLogger - Using platform encoding (Cp1252 actually) to copy filtered resources, i.e. build is platform dependent!
2026-09-10 21:14:39,502 [Worker-60: Building workspace] INFO  o.e.m.c.i.embedder.EclipseLogger - Copying 1 resource
2026-09-10 21:14:39,505 [Worker-60: Building workspace] WARN  o.e.m.c.i.embedder.EclipseLogger - Using platform encoding (Cp1252 actually) to copy filtered resources, i.e. build is platform dependent!
2026-09-10 21:14:39,506 [Worker-60: Building workspace] INFO  o.e.m.c.i.embedder.EclipseLogger - skip non existing resourceDirectory D:\Rays\WorkSpaces\Interviews\dynamic-web\src\test\resources
2026-09-10 21:14:43,487 [Worker-61: Building workspace] WARN  o.e.m.c.i.embedder.EclipseLogger - Using platform encoding (Cp1252 actually) to copy filtered resources, i.e. build is platform dependent!
2026-09-10 21:14:43,489 [Worker-61: Building workspace] INFO  o.e.m.c.i.embedder.EclipseLogger - Copying 1 resource
2026-09-10 21:14:43,493 [Worker-61: Building workspace] WARN  o.e.m.c.i.embedder.EclipseLogger - Using platform encoding (Cp1252 actually) to copy filtered resources, i.e. build is platform dependent!
2026-09-10 21:14:43,494 [Worker-61: Building workspace] INFO  o.e.m.c.i.embedder.EclipseLogger - skip non existing resourceDirectory D:\Rays\WorkSpaces\Interviews\dynamic-web\src\test\resources
2026-09-10 21:15:00,512 [Worker-61: Updating Maven Project] INFO  o.e.m.c.i.p.ProjectConfigurationManager - Update started
2026-09-10 21:15:01,095 [Worker-61: Updating Maven Project] INFO  o.e.m.c.i.l.LifecycleMappingFactory - Using org.maven.ide.eclipse.wtp.WarLifecycleMapping lifecycle mapping for MavenProject: com.demo:dynamic-web:0.0.1-SNAPSHOT @ D:\Rays\WorkSpaces\Interviews\dynamic-web\pom.xml.
2026-09-10 21:15:01,698 [Worker-61: Updating Maven Project] INFO  o.e.m.j.i.AbstractJavaProjectConfigurator - Adding source folder /dynamic-web/src/main/java
2026-09-10 21:15:01,698 [Worker-61: Updating Maven Project] INFO  o.e.m.j.i.AbstractJavaProjectConfigurator - Adding resource folder /dynamic-web/src/main/resources
2026-09-10 21:15:01,699 [Worker-61: Updating Maven Project] INFO  o.e.m.j.i.AbstractJavaProjectConfigurator - Adding source folder /dynamic-web/src/test/java
2026-09-10 21:15:02,270 [Worker-61: Updating Maven Project] INFO  o.e.m.w.i.f.ResourceFilteringBuildParticipant - Cleaning filtered folder for dynamic-web
2026-09-10 21:15:02,277 [Worker-61: Updating Maven Project] INFO  o.e.m.c.i.p.ProjectConfigurationManager - Update completed: 1 sec
2026-09-10 21:15:02,523 [Worker-60: Building workspace] WARN  o.e.m.c.i.embedder.EclipseLogger - Using platform encoding (Cp1252 actually) to copy filtered resources, i.e. build is platform dependent!
2026-09-10 21:15:02,525 [Worker-60: Building workspace] INFO  o.e.m.c.i.embedder.EclipseLogger - Copying 1 resource
2026-09-10 21:15:02,535 [Worker-60: Building workspace] WARN  o.e.m.c.i.embedder.EclipseLogger - Using platform encoding (Cp1252 actually) to copy filtered resources, i.e. build is platform dependent!
2026-09-10 21:15:02,536 [Worker-60: Building workspace] INFO  o.e.m.c.i.embedder.EclipseLogger - skip non existing resourceDirectory D:\Rays\WorkSpaces\Interviews\dynamic-web\src\test\resources
2026-09-10 21:15:02,537 [Worker-60: Building workspace] INFO  o.e.m.w.i.f.ResourceFilteringBuildParticipant - Changed resources require a complete clean of filtered resources of dynamic-web
2026-09-10 21:15:02,537 [Worker-60: Building workspace] INFO  o.e.m.w.i.f.ResourceFilteringBuildParticipant - Executing resource filtering for dynamic-web
2026-09-10 21:15:02,541 [Worker-60: Building workspace] WARN  o.e.m.c.i.embedder.EclipseLogger - Using platform encoding (Cp1252 actually) to copy filtered resources, i.e. build is platform dependent!
2026-09-10 21:15:16,313 [Worker-60: Building workspace] WARN  o.e.m.c.i.embedder.EclipseLogger - Using platform encoding (Cp1252 actually) to copy filtered resources, i.e. build is platform dependent!
2026-09-10 21:15:16,339 [Worker-60: Building workspace] INFO  o.e.m.c.i.embedder.EclipseLogger - Copying 1 resource
2026-09-10 21:15:16,344 [Worker-60: Building workspace] WARN  o.e.m.c.i.embedder.EclipseLogger - Using platform encoding (Cp1252 actually) to copy filtered resources, i.e. build is platform dependent!
2026-09-10 21:15:16,345 [Worker-60: Building workspace] INFO  o.e.m.c.i.embedder.EclipseLogger - skip non existing resourceDirectory D:\Rays\WorkSpaces\Interviews\dynamic-web\src\test\resources
2026-09-10 21:15:26,218 [Worker-47: Updating Maven Project] INFO  o.e.m.c.i.p.ProjectConfigurationManager - Update started
2026-09-10 21:15:26,643 [Worker-47: Updating Maven Project] INFO  o.e.m.c.i.l.LifecycleMappingFactory - Using org.maven.ide.eclipse.wtp.WarLifecycleMapping lifecycle mapping for MavenProject: com.demo:dynamic-web:0.0.1-SNAPSHOT @ D:\Rays\WorkSpaces\Interviews\dynamic-web\pom.xml.
2026-09-10 21:15:27,206 [Worker-47: Updating Maven Project] INFO  o.e.m.j.i.AbstractJavaProjectConfigurator - Adding source folder /dynamic-web/src/main/java
2026-09-10 21:15:27,206 [Worker-47: Updating Maven Project] INFO  o.e.m.j.i.AbstractJavaProjectConfigurator - Adding resource folder /dynamic-web/src/main/resources
2026-09-10 21:15:27,207 [Worker-47: Updating Maven Project] INFO  o.e.m.j.i.AbstractJavaProjectConfigurator - Adding source folder /dynamic-web/src/test/java
2026-09-10 21:15:28,354 [Worker-47: Updating Maven Project] INFO  o.e.m.w.i.f.ResourceFilteringBuildParticipant - Cleaning filtered folder for dynamic-web
2026-09-10 21:15:28,358 [Worker-47: Updating Maven Project] INFO  o.e.m.c.i.p.ProjectConfigurationManager - Update completed: 2 sec
2026-09-10 21:15:28,561 [Worker-64: Building workspace] WARN  o.e.m.c.i.embedder.EclipseLogger - Using platform encoding (Cp1252 actually) to copy filtered resources, i.e. build is platform dependent!
2026-09-10 21:15:28,563 [Worker-64: Building workspace] INFO  o.e.m.c.i.embedder.EclipseLogger - Copying 1 resource
2026-09-10 21:15:28,573 [Worker-64: Building workspace] WARN  o.e.m.c.i.embedder.EclipseLogger - Using platform encoding (Cp1252 actually) to copy filtered resources, i.e. build is platform dependent!
2026-09-10 21:15:28,574 [Worker-64: Building workspace] INFO  o.e.m.c.i.embedder.EclipseLogger - skip non existing resourceDirectory D:\Rays\WorkSpaces\Interviews\dynamic-web\src\test\resources
2026-09-10 21:15:28,574 [Worker-64: Building workspace] INFO  o.e.m.w.i.f.ResourceFilteringBuildParticipant - Changed resources require a complete clean of filtered resources of dynamic-web
2026-09-10 21:15:28,574 [Worker-64: Building workspace] INFO  o.e.m.w.i.f.ResourceFilteringBuildParticipant - Executing resource filtering for dynamic-web
2026-09-10 21:15:28,587 [Worker-64: Building workspace] WARN  o.e.m.c.i.embedder.EclipseLogger - Using platform encoding (Cp1252 actually) to copy filtered resources, i.e. build is platform dependent!
2026-09-10 21:17:57,584 [Worker-61: Building workspace] WARN  o.e.m.c.i.embedder.EclipseLogger - Using platform encoding (Cp1252 actually) to copy filtered resources, i.e. build is platform dependent!
2026-09-10 21:17:57,587 [Worker-61: Building workspace] INFO  o.e.m.c.i.embedder.EclipseLogger - Copying 1 resource
2026-09-10 21:17:57,591 [Worker-61: Building workspace] WARN  o.e.m.c.i.embedder.EclipseLogger - Using platform encoding (Cp1252 actually) to copy filtered resources, i.e. build is platform dependent!
2026-09-10 21:17:57,592 [Worker-61: Building workspace] INFO  o.e.m.c.i.embedder.EclipseLogger - skip non existing resourceDirectory D:\Rays\WorkSpaces\Interviews\dynamic-web\src\test\resources
2026-09-10 21:19:43,592 [Worker-62: Building workspace] WARN  o.e.m.c.i.embedder.EclipseLogger - Using platform encoding (Cp1252 actually) to copy filtered resources, i.e. build is platform dependent!
2026-09-10 21:19:43,595 [Worker-62: Building workspace] INFO  o.e.m.c.i.embedder.EclipseLogger - Copying 0 resource
2026-09-10 21:19:43,597 [Worker-62: Building workspace] WARN  o.e.m.c.i.embedder.EclipseLogger - Using platform encoding (Cp1252 actually) to copy filtered resources, i.e. build is platform dependent!
2026-09-10 21:19:43,598 [Worker-62: Building workspace] INFO  o.e.m.c.i.embedder.EclipseLogger - skip non existing resourceDirectory D:\Rays\WorkSpaces\Interviews\dynamic-web\src\test\resources
2026-09-10 21:20:01,277 [Worker-61: Building workspace] WARN  o.e.m.c.i.embedder.EclipseLogger - Using platform encoding (Cp1252 actually) to copy filtered resources, i.e. build is platform dependent!
2026-09-10 21:20:01,279 [Worker-61: Building workspace] INFO  o.e.m.c.i.embedder.EclipseLogger - Copying 1 resource
2026-09-10 21:20:01,283 [Worker-61: Building workspace] WARN  o.e.m.c.i.embedder.EclipseLogger - Using platform encoding (Cp1252 actually) to copy filtered resources, i.e. build is platform dependent!
2026-09-10 21:20:01,284 [Worker-61: Building workspace] INFO  o.e.m.c.i.embedder.EclipseLogger - skip non existing resourceDirectory D:\Rays\WorkSpaces\Interviews\dynamic-web\src\test\resources
2026-09-10 21:20:07,839 [Worker-60: Building workspace] WARN  o.e.m.c.i.embedder.EclipseLogger - Using platform encoding (Cp1252 actually) to copy filtered resources, i.e. build is platform dependent!
2026-09-10 21:20:07,843 [Worker-60: Building workspace] INFO  o.e.m.c.i.embedder.EclipseLogger - Copying 1 resource
2026-09-10 21:20:07,847 [Worker-60: Building workspace] WARN  o.e.m.c.i.embedder.EclipseLogger - Using platform encoding (Cp1252 actually) to copy filtered resources, i.e. build is platform dependent!
2026-09-10 21:20:07,847 [Worker-60: Building workspace] INFO  o.e.m.c.i.embedder.EclipseLogger - skip non existing resourceDirectory D:\Rays\WorkSpaces\Interviews\dynamic-web\src\test\resources
2026-09-10 21:20:42,443 [Worker-64: Building workspace] WARN  o.e.m.c.i.embedder.EclipseLogger - Using platform encoding (Cp1252 actually) to copy filtered resources, i.e. build is platform dependent!
2026-09-10 21:20:42,445 [Worker-64: Building workspace] INFO  o.e.m.c.i.embedder.EclipseLogger - Copying 1 resource
2026-09-10 21:20:42,450 [Worker-64: Building workspace] WARN  o.e.m.c.i.embedder.EclipseLogger - Using platform encoding (Cp1252 actually) to copy filtered resources, i.e. build is platform dependent!
2026-09-10 21:20:42,451 [Worker-64: Building workspace] INFO  o.e.m.c.i.embedder.EclipseLogger - skip non existing resourceDirectory D:\Rays\WorkSpaces\Interviews\dynamic-web\src\test\resources
2026-09-10 21:21:40,670 [Worker-66: Building workspace] WARN  o.e.m.c.i.embedder.EclipseLogger - Using platform encoding (Cp1252 actually) to copy filtered resources, i.e. build is platform dependent!
2026-09-10 21:21:40,671 [Worker-66: Building workspace] INFO  o.e.m.c.i.embedder.EclipseLogger - Copying 1 resource
2026-09-10 21:21:40,679 [Worker-66: Building workspace] WARN  o.e.m.c.i.embedder.EclipseLogger - Using platform encoding (Cp1252 actually) to copy filtered resources, i.e. build is platform dependent!
2026-09-10 21:21:40,681 [Worker-66: Building workspace] INFO  o.e.m.c.i.embedder.EclipseLogger - skip non existing resourceDirectory D:\Rays\WorkSpaces\Interviews\dynamic-web\src\test\resources
2026-09-10 21:24:39,518 [Worker-65: Building workspace] WARN  o.e.m.c.i.embedder.EclipseLogger - Using platform encoding (Cp1252 actually) to copy filtered resources, i.e. build is platform dependent!
2026-09-10 21:24:39,520 [Worker-65: Building workspace] INFO  o.e.m.c.i.embedder.EclipseLogger - Copying 0 resource
2026-09-10 21:24:39,522 [Worker-65: Building workspace] WARN  o.e.m.c.i.embedder.EclipseLogger - Using platform encoding (Cp1252 actually) to copy filtered resources, i.e. build is platform dependent!
2026-09-10 21:24:39,523 [Worker-65: Building workspace] INFO  o.e.m.c.i.embedder.EclipseLogger - skip non existing resourceDirectory D:\Rays\WorkSpaces\Interviews\dynamic-web\src\test\resources
2026-09-11 11:48:12,598 [Worker-0: Loading available Gradle versions] INFO  o.e.b.c.i.u.g.PublishedGradleVersions - Gradle version information cache is up-to-date. Trying to read.
2026-09-11 11:48:20,040 [Worker-10: Building workspace] WARN  o.e.m.c.i.embedder.EclipseLogger - Using platform encoding (Cp1252 actually) to copy filtered resources, i.e. build is platform dependent!
2026-09-11 11:48:20,055 [Worker-10: Building workspace] INFO  o.e.m.c.i.embedder.EclipseLogger - Copying 1 resource
2026-09-11 11:48:20,070 [Worker-10: Building workspace] WARN  o.e.m.c.i.embedder.EclipseLogger - Using platform encoding (Cp1252 actually) to copy filtered resources, i.e. build is platform dependent!
2026-09-11 11:48:20,072 [Worker-10: Building workspace] INFO  o.e.m.c.i.embedder.EclipseLogger - skip non existing resourceDirectory D:\Rays\WorkSpaces\Interviews\dynamic-web\src\test\resources
2026-09-11 11:51:16,752 [Worker-1: Building workspace] WARN  o.e.m.c.i.embedder.EclipseLogger - Using platform encoding (Cp1252 actually) to copy filtered resources, i.e. build is platform dependent!
2026-09-11 11:51:16,759 [Worker-1: Building workspace] INFO  o.e.m.c.i.embedder.EclipseLogger - Copying 0 resource
2026-09-11 11:51:16,761 [Worker-1: Building workspace] WARN  o.e.m.c.i.embedder.EclipseLogger - Using platform encoding (Cp1252 actually) to copy filtered resources, i.e. build is platform dependent!
2026-09-11 11:51:16,762 [Worker-1: Building workspace] INFO  o.e.m.c.i.embedder.EclipseLogger - skip non existing resourceDirectory D:\Rays\WorkSpaces\Interviews\dynamic-web\src\test\resources
2026-09-11 11:51:35,309 [Worker-16: Building workspace] WARN  o.e.m.c.i.embedder.EclipseLogger - Using platform encoding (Cp1252 actually) to copy filtered resources, i.e. build is platform dependent!
2026-09-11 11:51:35,311 [Worker-16: Building workspace] INFO  o.e.m.c.i.embedder.EclipseLogger - Copying 0 resource
2026-09-11 11:51:35,313 [Worker-16: Building workspace] WARN  o.e.m.c.i.embedder.EclipseLogger - Using platform encoding (Cp1252 actually) to copy filtered resources, i.e. build is platform dependent!
2026-09-11 11:51:35,314 [Worker-16: Building workspace] INFO  o.e.m.c.i.embedder.EclipseLogger - skip non existing resourceDirectory D:\Rays\WorkSpaces\Interviews\dynamic-web\src\test\resources
2026-09-11 11:53:47,511 [Worker-7: Building workspace] WARN  o.e.m.c.i.embedder.EclipseLogger - Using platform encoding (Cp1252 actually) to copy filtered resources, i.e. build is platform dependent!
2026-09-11 11:53:47,517 [Worker-7: Building workspace] INFO  o.e.m.c.i.embedder.EclipseLogger - Copying 1 resource
2026-09-11 11:53:47,522 [Worker-7: Building workspace] WARN  o.e.m.c.i.embedder.EclipseLogger - Using platform encoding (Cp1252 actually) to copy filtered resources, i.e. build is platform dependent!
2026-09-11 11:53:47,523 [Worker-7: Building workspace] INFO  o.e.m.c.i.embedder.EclipseLogger - skip non existing resourceDirectory D:\Rays\WorkSpaces\Interviews\dynamic-web\src\test\resources
2026-09-11 11:53:51,258 [Worker-3: Building workspace] WARN  o.e.m.c.i.embedder.EclipseLogger - Using platform encoding (Cp1252 actually) to copy filtered resources, i.e. build is platform dependent!
2026-09-11 11:53:51,259 [Worker-3: Building workspace] INFO  o.e.m.c.i.embedder.EclipseLogger - Copying 1 resource
2026-09-11 11:53:51,262 [Worker-3: Building workspace] WARN  o.e.m.c.i.embedder.EclipseLogger - Using platform encoding (Cp1252 actually) to copy filtered resources, i.e. build is platform dependent!
2026-09-11 11:53:51,263 [Worker-3: Building workspace] INFO  o.e.m.c.i.embedder.EclipseLogger - skip non existing resourceDirectory D:\Rays\WorkSpaces\Interviews\dynamic-web\src\test\resources
2026-09-11 11:54:02,847 [Worker-7: Building workspace] WARN  o.e.m.c.i.embedder.EclipseLogger - Using platform encoding (Cp1252 actually) to copy filtered resources, i.e. build is platform dependent!
2026-09-11 11:54:02,849 [Worker-7: Building workspace] INFO  o.e.m.c.i.embedder.EclipseLogger - Copying 0 resource
2026-09-11 11:54:02,851 [Worker-7: Building workspace] WARN  o.e.m.c.i.embedder.EclipseLogger - Using platform encoding (Cp1252 actually) to copy filtered resources, i.e. build is platform dependent!
2026-09-11 11:54:02,852 [Worker-7: Building workspace] INFO  o.e.m.c.i.embedder.EclipseLogger - skip non existing resourceDirectory D:\Rays\WorkSpaces\Interviews\dynamic-web\src\test\resources
2026-09-11 11:54:11,963 [Worker-7: Building workspace] WARN  o.e.m.c.i.embedder.EclipseLogger - Using platform encoding (Cp1252 actually) to copy filtered resources, i.e. build is platform dependent!
2026-09-11 11:54:11,965 [Worker-7: Building workspace] INFO  o.e.m.c.i.embedder.EclipseLogger - Copying 1 resource
2026-09-11 11:54:11,971 [Worker-7: Building workspace] WARN  o.e.m.c.i.embedder.EclipseLogger - Using platform encoding (Cp1252 actually) to copy filtered resources, i.e. build is platform dependent!
2026-09-11 11:54:11,972 [Worker-7: Building workspace] INFO  o.e.m.c.i.embedder.EclipseLogger - skip non existing resourceDirectory D:\Rays\WorkSpaces\Interviews\dynamic-web\src\test\resources
2026-09-11 11:54:16,118 [Worker-7: Building workspace] WARN  o.e.m.c.i.embedder.EclipseLogger - Using platform encoding (Cp1252 actually) to copy filtered resources, i.e. build is platform dependent!
2026-09-11 11:54:16,119 [Worker-7: Building workspace] INFO  o.e.m.c.i.embedder.EclipseLogger - Copying 1 resource
2026-09-11 11:54:16,125 [Worker-7: Building workspace] WARN  o.e.m.c.i.embedder.EclipseLogger - Using platform encoding (Cp1252 actually) to copy filtered resources, i.e. build is platform dependent!
2026-09-11 11:54:16,126 [Worker-7: Building workspace] INFO  o.e.m.c.i.embedder.EclipseLogger - skip non existing resourceDirectory D:\Rays\WorkSpaces\Interviews\dynamic-web\src\test\resources
2026-09-11 11:55:00,607 [Worker-16: Building workspace] WARN  o.e.m.c.i.embedder.EclipseLogger - Using platform encoding (Cp1252 actually) to copy filtered resources, i.e. build is platform dependent!
2026-09-11 11:55:00,608 [Worker-16: Building workspace] INFO  o.e.m.c.i.embedder.EclipseLogger - Copying 1 resource
2026-09-11 11:55:00,611 [Worker-16: Building workspace] WARN  o.e.m.c.i.embedder.EclipseLogger - Using platform encoding (Cp1252 actually) to copy filtered resources, i.e. build is platform dependent!
2026-09-11 11:55:00,612 [Worker-16: Building workspace] INFO  o.e.m.c.i.embedder.EclipseLogger - skip non existing resourceDirectory D:\Rays\WorkSpaces\Interviews\dynamic-web\src\test\resources
2026-09-11 11:55:04,528 [Worker-7: Building workspace] WARN  o.e.m.c.i.embedder.EclipseLogger - Using platform encoding (Cp1252 actually) to copy filtered resources, i.e. build is platform dependent!
2026-09-11 11:55:04,530 [Worker-7: Building workspace] INFO  o.e.m.c.i.embedder.EclipseLogger - Copying 0 resource
2026-09-11 11:55:04,533 [Worker-7: Building workspace] WARN  o.e.m.c.i.embedder.EclipseLogger - Using platform encoding (Cp1252 actually) to copy filtered resources, i.e. build is platform dependent!
2026-09-11 11:55:04,534 [Worker-7: Building workspace] INFO  o.e.m.c.i.embedder.EclipseLogger - skip non existing resourceDirectory D:\Rays\WorkSpaces\Interviews\dynamic-web\src\test\resources
2026-09-11 11:56:06,292 [Worker-7: Building workspace] WARN  o.e.m.c.i.embedder.EclipseLogger - Using platform encoding (Cp1252 actually) to copy filtered resources, i.e. build is platform dependent!
2026-09-11 11:56:06,304 [Worker-7: Building workspace] INFO  o.e.m.c.i.embedder.EclipseLogger - Copying 0 resource
2026-09-11 11:56:06,306 [Worker-7: Building workspace] WARN  o.e.m.c.i.embedder.EclipseLogger - Using platform encoding (Cp1252 actually) to copy filtered resources, i.e. build is platform dependent!
2026-09-11 11:56:06,307 [Worker-7: Building workspace] INFO  o.e.m.c.i.embedder.EclipseLogger - skip non existing resourceDirectory D:\Rays\WorkSpaces\Interviews\dynamic-web\src\test\resources
2026-09-11 11:56:15,166 [Worker-19: Building workspace] WARN  o.e.m.c.i.embedder.EclipseLogger - Using platform encoding (Cp1252 actually) to copy filtered resources, i.e. build is platform dependent!
2026-09-11 11:56:15,167 [Worker-19: Building workspace] INFO  o.e.m.c.i.embedder.EclipseLogger - Copying 0 resource
2026-09-11 11:56:15,169 [Worker-19: Building workspace] WARN  o.e.m.c.i.embedder.EclipseLogger - Using platform encoding (Cp1252 actually) to copy filtered resources, i.e. build is platform dependent!
2026-09-11 11:56:15,170 [Worker-19: Building workspace] INFO  o.e.m.c.i.embedder.EclipseLogger - skip non existing resourceDirectory D:\Rays\WorkSpaces\Interviews\dynamic-web\src\test\resources
2026-09-11 11:56:37,797 [Worker-3: Building workspace] WARN  o.e.m.c.i.embedder.EclipseLogger - Using platform encoding (Cp1252 actually) to copy filtered resources, i.e. build is platform dependent!
2026-09-11 11:56:37,799 [Worker-3: Building workspace] INFO  o.e.m.c.i.embedder.EclipseLogger - Copying 0 resource
2026-09-11 11:56:37,800 [Worker-3: Building workspace] WARN  o.e.m.c.i.embedder.EclipseLogger - Using platform encoding (Cp1252 actually) to copy filtered resources, i.e. build is platform dependent!
2026-09-11 11:56:37,801 [Worker-3: Building workspace] INFO  o.e.m.c.i.embedder.EclipseLogger - skip non existing resourceDirectory D:\Rays\WorkSpaces\Interviews\dynamic-web\src\test\resources
2026-09-11 11:56:52,058 [Worker-19: Building workspace] WARN  o.e.m.c.i.embedder.EclipseLogger - Using platform encoding (Cp1252 actually) to copy filtered resources, i.e. build is platform dependent!
2026-09-11 11:56:52,060 [Worker-19: Building workspace] INFO  o.e.m.c.i.embedder.EclipseLogger - Copying 0 resource
2026-09-11 11:56:52,062 [Worker-19: Building workspace] WARN  o.e.m.c.i.embedder.EclipseLogger - Using platform encoding (Cp1252 actually) to copy filtered resources, i.e. build is platform dependent!
2026-09-11 11:56:52,063 [Worker-19: Building workspace] INFO  o.e.m.c.i.embedder.EclipseLogger - skip non existing resourceDirectory D:\Rays\WorkSpaces\Interviews\dynamic-web\src\test\resources
2026-09-11 11:56:56,200 [Worker-15: Building workspace] WARN  o.e.m.c.i.embedder.EclipseLogger - Using platform encoding (Cp1252 actually) to copy filtered resources, i.e. build is platform dependent!
2026-09-11 11:56:56,202 [Worker-15: Building workspace] INFO  o.e.m.c.i.embedder.EclipseLogger - Copying 0 resource
2026-09-11 11:56:56,203 [Worker-15: Building workspace] WARN  o.e.m.c.i.embedder.EclipseLogger - Using platform encoding (Cp1252 actually) to copy filtered resources, i.e. build is platform dependent!
2026-09-11 11:56:56,204 [Worker-15: Building workspace] INFO  o.e.m.c.i.embedder.EclipseLogger - skip non existing resourceDirectory D:\Rays\WorkSpaces\Interviews\dynamic-web\src\test\resources
2026-09-11 11:58:14,772 [Worker-18: Building workspace] WARN  o.e.m.c.i.embedder.EclipseLogger - Using platform encoding (Cp1252 actually) to copy filtered resources, i.e. build is platform dependent!
2026-09-11 11:58:14,773 [Worker-18: Building workspace] INFO  o.e.m.c.i.embedder.EclipseLogger - Copying 0 resource
2026-09-11 11:58:14,777 [Worker-18: Building workspace] WARN  o.e.m.c.i.embedder.EclipseLogger - Using platform encoding (Cp1252 actually) to copy filtered resources, i.e. build is platform dependent!
2026-09-11 11:58:14,778 [Worker-18: Building workspace] INFO  o.e.m.c.i.embedder.EclipseLogger - skip non existing resourceDirectory D:\Rays\WorkSpaces\Interviews\dynamic-web\src\test\resources
2026-09-11 11:58:23,778 [Worker-18: Building workspace] WARN  o.e.m.c.i.embedder.EclipseLogger - Using platform encoding (Cp1252 actually) to copy filtered resources, i.e. build is platform dependent!
2026-09-11 11:58:23,780 [Worker-18: Building workspace] INFO  o.e.m.c.i.embedder.EclipseLogger - Copying 0 resource
2026-09-11 11:58:23,781 [Worker-18: Building workspace] WARN  o.e.m.c.i.embedder.EclipseLogger - Using platform encoding (Cp1252 actually) to copy filtered resources, i.e. build is platform dependent!
2026-09-11 11:58:23,782 [Worker-18: Building workspace] INFO  o.e.m.c.i.embedder.EclipseLogger - skip non existing resourceDirectory D:\Rays\WorkSpaces\Interviews\dynamic-web\src\test\resources
2026-09-11 12:00:09,392 [Worker-3: Building workspace] WARN  o.e.m.c.i.embedder.EclipseLogger - Using platform encoding (Cp1252 actually) to copy filtered resources, i.e. build is platform dependent!
2026-09-11 12:00:09,393 [Worker-3: Building workspace] INFO  o.e.m.c.i.embedder.EclipseLogger - Copying 0 resource
2026-09-11 12:00:09,395 [Worker-3: Building workspace] WARN  o.e.m.c.i.embedder.EclipseLogger - Using platform encoding (Cp1252 actually) to copy filtered resources, i.e. build is platform dependent!
2026-09-11 12:00:09,395 [Worker-3: Building workspace] INFO  o.e.m.c.i.embedder.EclipseLogger - skip non existing resourceDirectory D:\Rays\WorkSpaces\Interviews\dynamic-web\src\test\resources
2026-09-11 12:00:20,129 [Worker-16: Building workspace] WARN  o.e.m.c.i.embedder.EclipseLogger - Using platform encoding (Cp1252 actually) to copy filtered resources, i.e. build is platform dependent!
2026-09-11 12:00:20,131 [Worker-16: Building workspace] INFO  o.e.m.c.i.embedder.EclipseLogger - Copying 0 resource
2026-09-11 12:00:20,132 [Worker-16: Building workspace] WARN  o.e.m.c.i.embedder.EclipseLogger - Using platform encoding (Cp1252 actually) to copy filtered resources, i.e. build is platform dependent!
2026-09-11 12:00:20,133 [Worker-16: Building workspace] INFO  o.e.m.c.i.embedder.EclipseLogger - skip non existing resourceDirectory D:\Rays\WorkSpaces\Interviews\dynamic-web\src\test\resources
2026-09-11 12:00:39,463 [Worker-16: Building workspace] WARN  o.e.m.c.i.embedder.EclipseLogger - Using platform encoding (Cp1252 actually) to copy filtered resources, i.e. build is platform dependent!
2026-09-11 12:00:39,464 [Worker-16: Building workspace] INFO  o.e.m.c.i.embedder.EclipseLogger - Copying 0 resource
2026-09-11 12:00:39,493 [Worker-16: Building workspace] WARN  o.e.m.c.i.embedder.EclipseLogger - Using platform encoding (Cp1252 actually) to copy filtered resources, i.e. build is platform dependent!
2026-09-11 12:00:39,495 [Worker-16: Building workspace] INFO  o.e.m.c.i.embedder.EclipseLogger - skip non existing resourceDirectory D:\Rays\WorkSpaces\Interviews\dynamic-web\src\test\resources
2026-09-11 12:00:48,045 [Worker-18: Building workspace] WARN  o.e.m.c.i.embedder.EclipseLogger - Using platform encoding (Cp1252 actually) to copy filtered resources, i.e. build is platform dependent!
2026-09-11 12:00:48,047 [Worker-18: Building workspace] INFO  o.e.m.c.i.embedder.EclipseLogger - Copying 0 resource
2026-09-11 12:00:48,049 [Worker-18: Building workspace] WARN  o.e.m.c.i.embedder.EclipseLogger - Using platform encoding (Cp1252 actually) to copy filtered resources, i.e. build is platform dependent!
2026-09-11 12:00:48,051 [Worker-18: Building workspace] INFO  o.e.m.c.i.embedder.EclipseLogger - skip non existing resourceDirectory D:\Rays\WorkSpaces\Interviews\dynamic-web\src\test\resources
2026-09-11 12:00:58,111 [Worker-3: Building workspace] WARN  o.e.m.c.i.embedder.EclipseLogger - Using platform encoding (Cp1252 actually) to copy filtered resources, i.e. build is platform dependent!
2026-09-11 12:00:58,112 [Worker-3: Building workspace] INFO  o.e.m.c.i.embedder.EclipseLogger - Copying 0 resource
2026-09-11 12:00:58,114 [Worker-3: Building workspace] WARN  o.e.m.c.i.embedder.EclipseLogger - Using platform encoding (Cp1252 actually) to copy filtered resources, i.e. build is platform dependent!
2026-09-11 12:00:58,115 [Worker-3: Building workspace] INFO  o.e.m.c.i.embedder.EclipseLogger - skip non existing resourceDirectory D:\Rays\WorkSpaces\Interviews\dynamic-web\src\test\resources
2026-09-11 12:01:03,501 [Worker-20: Building workspace] WARN  o.e.m.c.i.embedder.EclipseLogger - Using platform encoding (Cp1252 actually) to copy filtered resources, i.e. build is platform dependent!
2026-09-11 12:01:03,509 [Worker-20: Building workspace] INFO  o.e.m.c.i.embedder.EclipseLogger - Copying 0 resource
2026-09-11 12:01:03,514 [Worker-20: Building workspace] WARN  o.e.m.c.i.embedder.EclipseLogger - Using platform encoding (Cp1252 actually) to copy filtered resources, i.e. build is platform dependent!
2026-09-11 12:01:03,515 [Worker-20: Building workspace] INFO  o.e.m.c.i.embedder.EclipseLogger - skip non existing resourceDirectory D:\Rays\WorkSpaces\Interviews\dynamic-web\src\test\resources
2026-09-11 12:02:17,992 [Worker-15: Building workspace] WARN  o.e.m.c.i.embedder.EclipseLogger - Using platform encoding (Cp1252 actually) to copy filtered resources, i.e. build is platform dependent!
2026-09-11 12:02:17,993 [Worker-15: Building workspace] INFO  o.e.m.c.i.embedder.EclipseLogger - Copying 0 resource
2026-09-11 12:02:17,994 [Worker-15: Building workspace] WARN  o.e.m.c.i.embedder.EclipseLogger - Using platform encoding (Cp1252 actually) to copy filtered resources, i.e. build is platform dependent!
2026-09-11 12:02:17,995 [Worker-15: Building workspace] INFO  o.e.m.c.i.embedder.EclipseLogger - skip non existing resourceDirectory D:\Rays\WorkSpaces\Interviews\dynamic-web\src\test\resources
2026-09-11 12:02:52,172 [Worker-16: Building workspace] WARN  o.e.m.c.i.embedder.EclipseLogger - Using platform encoding (Cp1252 actually) to copy filtered resources, i.e. build is platform dependent!
2026-09-11 12:02:52,173 [Worker-16: Building workspace] INFO  o.e.m.c.i.embedder.EclipseLogger - Copying 0 resource
2026-09-11 12:02:52,175 [Worker-16: Building workspace] WARN  o.e.m.c.i.embedder.EclipseLogger - Using platform encoding (Cp1252 actually) to copy filtered resources, i.e. build is platform dependent!
2026-09-11 12:02:52,176 [Worker-16: Building workspace] INFO  o.e.m.c.i.embedder.EclipseLogger - skip non existing resourceDirectory D:\Rays\WorkSpaces\Interviews\dynamic-web\src\test\resources
2026-09-11 12:05:28,091 [Worker-15: Building workspace] WARN  o.e.m.c.i.embedder.EclipseLogger - Using platform encoding (Cp1252 actually) to copy filtered resources, i.e. build is platform dependent!
2026-09-11 12:05:28,093 [Worker-15: Building workspace] INFO  o.e.m.c.i.embedder.EclipseLogger - Copying 0 resource
2026-09-11 12:05:28,094 [Worker-15: Building workspace] WARN  o.e.m.c.i.embedder.EclipseLogger - Using platform encoding (Cp1252 actually) to copy filtered resources, i.e. build is platform dependent!
2026-09-11 12:05:28,095 [Worker-15: Building workspace] INFO  o.e.m.c.i.embedder.EclipseLogger - skip non existing resourceDirectory D:\Rays\WorkSpaces\Interviews\dynamic-web\src\test\resources
2026-09-11 12:05:58,013 [Worker-20: Building workspace] WARN  o.e.m.c.i.embedder.EclipseLogger - Using platform encoding (Cp1252 actually) to copy filtered resources, i.e. build is platform dependent!
2026-09-11 12:05:58,016 [Worker-20: Building workspace] INFO  o.e.m.c.i.embedder.EclipseLogger - Copying 0 resource
2026-09-11 12:05:58,017 [Worker-20: Building workspace] WARN  o.e.m.c.i.embedder.EclipseLogger - Using platform encoding (Cp1252 actually) to copy filtered resources, i.e. build is platform dependent!
2026-09-11 12:05:58,019 [Worker-20: Building workspace] INFO  o.e.m.c.i.embedder.EclipseLogger - skip non existing resourceDirectory D:\Rays\WorkSpaces\Interviews\dynamic-web\src\test\resources
2026-09-11 12:06:18,089 [Worker-18: Building workspace] WARN  o.e.m.c.i.embedder.EclipseLogger - Using platform encoding (Cp1252 actually) to copy filtered resources, i.e. build is platform dependent!
2026-09-11 12:06:18,091 [Worker-18: Building workspace] INFO  o.e.m.c.i.embedder.EclipseLogger - Copying 0 resource
2026-09-11 12:06:18,092 [Worker-18: Building workspace] WARN  o.e.m.c.i.embedder.EclipseLogger - Using platform encoding (Cp1252 actually) to copy filtered resources, i.e. build is platform dependent!
2026-09-11 12:06:18,093 [Worker-18: Building workspace] INFO  o.e.m.c.i.embedder.EclipseLogger - skip non existing resourceDirectory D:\Rays\WorkSpaces\Interviews\dynamic-web\src\test\resources
2026-09-11 12:06:41,859 [Worker-20: Building workspace] WARN  o.e.m.c.i.embedder.EclipseLogger - Using platform encoding (Cp1252 actually) to copy filtered resources, i.e. build is platform dependent!
2026-09-11 12:06:41,860 [Worker-20: Building workspace] INFO  o.e.m.c.i.embedder.EclipseLogger - Copying 0 resource
2026-09-11 12:06:41,862 [Worker-20: Building workspace] WARN  o.e.m.c.i.embedder.EclipseLogger - Using platform encoding (Cp1252 actually) to copy filtered resources, i.e. build is platform dependent!
2026-09-11 12:06:41,864 [Worker-20: Building workspace] INFO  o.e.m.c.i.embedder.EclipseLogger - skip non existing resourceDirectory D:\Rays\WorkSpaces\Interviews\dynamic-web\src\test\resources
2026-09-11 12:06:54,093 [Worker-3: Updating Maven Project] INFO  o.e.m.c.i.p.ProjectConfigurationManager - Update started
2026-09-11 12:06:58,158 [Worker-3: Updating Maven Project] INFO  o.e.m.c.i.l.LifecycleMappingFactory - Using org.maven.ide.eclipse.wtp.WarLifecycleMapping lifecycle mapping for MavenProject: com.demo:dynamic-web:0.0.1-SNAPSHOT @ D:\Rays\WorkSpaces\Interviews\dynamic-web\pom.xml.
2026-09-11 12:06:59,074 [Worker-3: Updating Maven Project] INFO  o.e.m.j.i.AbstractJavaProjectConfigurator - Adding source folder /dynamic-web/src/main/java
2026-09-11 12:06:59,075 [Worker-3: Updating Maven Project] INFO  o.e.m.j.i.AbstractJavaProjectConfigurator - Adding resource folder /dynamic-web/src/main/resources
2026-09-11 12:06:59,075 [Worker-3: Updating Maven Project] INFO  o.e.m.j.i.AbstractJavaProjectConfigurator - Adding source folder /dynamic-web/src/test/java
2026-09-11 12:06:59,391 [Worker-3: Updating Maven Project] ERROR o.e.m2e.wtp.WTPProjectConfigurator - Unable to configure dynamic-web
org.eclipse.m2e.wtp.MarkedException: Unable to configure dynamic-web
	at org.eclipse.m2e.wtp.AbstractProjectConfiguratorDelegate.configureProject(AbstractProjectConfiguratorDelegate.java:99) ~[na:na]
	at org.eclipse.m2e.wtp.WTPProjectConfigurator.configure(WTPProjectConfigurator.java:68) ~[na:na]
	at org.eclipse.m2e.core.project.configurator.AbstractLifecycleMapping.configure(AbstractLifecycleMapping.java:120) ~[na:na]
	at org.eclipse.m2e.core.internal.project.ProjectConfigurationManager$3.call(ProjectConfigurationManager.java:508) ~[na:na]
	at org.eclipse.m2e.core.internal.project.ProjectConfigurationManager$3.call(ProjectConfigurationManager.java:1) ~[na:na]
	at org.eclipse.m2e.core.internal.embedder.MavenExecutionContext.executeBare(MavenExecutionContext.java:177) ~[na:na]
	at org.eclipse.m2e.core.internal.embedder.MavenExecutionContext.execute(MavenExecutionContext.java:151) ~[na:na]
	at org.eclipse.m2e.core.internal.project.ProjectConfigurationManager.updateProjectConfiguration(ProjectConfigurationManager.java:501) ~[na:na]
	at org.eclipse.m2e.core.internal.project.ProjectConfigurationManager.updateProjectConfiguration0(ProjectConfigurationManager.java:439) ~[na:na]
	at org.eclipse.m2e.core.internal.project.ProjectConfigurationManager$2.call(ProjectConfigurationManager.java:352) ~[na:na]
	at org.eclipse.m2e.core.internal.project.ProjectConfigurationManager$2.call(ProjectConfigurationManager.java:1) ~[na:na]
	at org.eclipse.m2e.core.internal.embedder.MavenExecutionContext.executeBare(MavenExecutionContext.java:177) ~[na:na]
	at org.eclipse.m2e.core.internal.embedder.MavenExecutionContext.execute(MavenExecutionContext.java:151) ~[na:na]
	at org.eclipse.m2e.core.internal.embedder.MavenExecutionContext.execute(MavenExecutionContext.java:99) ~[na:na]
	at org.eclipse.m2e.core.internal.embedder.MavenImpl.execute(MavenImpl.java:1332) ~[na:na]
	at org.eclipse.m2e.core.internal.project.ProjectConfigurationManager.updateProjectConfiguration(ProjectConfigurationManager.java:349) ~[na:na]
	at org.eclipse.m2e.core.ui.internal.UpdateMavenProjectJob.runInWorkspace(UpdateMavenProjectJob.java:77) ~[org.eclipse.m2e.core.ui_1.11.0.20190220-2119.jar:na]
	at org.eclipse.core.internal.resources.InternalWorkspaceJob.run(InternalWorkspaceJob.java:42) ~[na:na]
	at org.eclipse.core.internal.jobs.Worker.run(Worker.java:63) ~[org.eclipse.core.jobs_3.10.300.v20190215-2048.jar:na]
Caused by: org.eclipse.core.runtime.CoreException: One or more constraints have not been satisfied.
	at org.eclipse.wst.common.project.facet.core.internal.FacetedProject.modifyInternal(FacetedProject.java:363) ~[na:na]
	at org.eclipse.wst.common.project.facet.core.internal.FacetedProject.mergeChangesInternal(FacetedProject.java:1181) ~[na:na]
	at org.eclipse.wst.common.project.facet.core.internal.FacetedProject.access$2(FacetedProject.java:1117) ~[na:na]
	at org.eclipse.wst.common.project.facet.core.internal.FacetedProject$1.run(FacetedProject.java:324) ~[na:na]
	at org.eclipse.core.internal.resources.Workspace.run(Workspace.java:2295) ~[na:na]
	at org.eclipse.core.internal.resources.Workspace.run(Workspace.java:2322) ~[na:na]
	at org.eclipse.wst.common.project.facet.core.internal.FacetedProject.modify(FacetedProject.java:339) ~[na:na]
	at org.eclipse.m2e.wtp.WebProjectConfiguratorDelegate.configure(WebProjectConfiguratorDelegate.java:136) ~[na:na]
	at org.eclipse.m2e.wtp.AbstractProjectConfiguratorDelegate.configureProject(AbstractProjectConfiguratorDelegate.java:95) ~[na:na]
	... 18 common frames omitted
2026-09-11 12:06:59,808 [Worker-3: Updating Maven Project] INFO  o.e.m.w.i.f.ResourceFilteringBuildParticipant - Cleaning filtered folder for dynamic-web
2026-09-11 12:06:59,825 [Worker-3: Updating Maven Project] INFO  o.e.m.c.i.p.ProjectConfigurationManager - Update completed: 5 sec
2026-09-11 12:07:00,141 [Worker-16: Building workspace] WARN  o.e.m.c.i.embedder.EclipseLogger - Using platform encoding (Cp1252 actually) to copy filtered resources, i.e. build is platform dependent!
2026-09-11 12:07:00,143 [Worker-16: Building workspace] INFO  o.e.m.c.i.embedder.EclipseLogger - Copying 0 resource
2026-09-11 12:07:00,145 [Worker-16: Building workspace] WARN  o.e.m.c.i.embedder.EclipseLogger - Using platform encoding (Cp1252 actually) to copy filtered resources, i.e. build is platform dependent!
2026-09-11 12:07:00,146 [Worker-16: Building workspace] INFO  o.e.m.c.i.embedder.EclipseLogger - skip non existing resourceDirectory D:\Rays\WorkSpaces\Interviews\dynamic-web\src\test\resources
2026-09-11 12:07:00,146 [Worker-16: Building workspace] INFO  o.e.m.w.i.f.ResourceFilteringBuildParticipant - Changed resources require a complete clean of filtered resources of dynamic-web
2026-09-11 12:07:00,146 [Worker-16: Building workspace] INFO  o.e.m.w.i.f.ResourceFilteringBuildParticipant - Executing resource filtering for dynamic-web
2026-09-11 12:07:00,151 [Worker-16: Building workspace] WARN  o.e.m.c.i.embedder.EclipseLogger - Using platform encoding (Cp1252 actually) to copy filtered resources, i.e. build is platform dependent!
2026-09-11 12:07:34,534 [Worker-16: Updating Maven Project] INFO  o.e.m.c.i.p.ProjectConfigurationManager - Update started
2026-09-11 12:07:35,041 [Worker-16: Updating Maven Project] INFO  o.e.m.c.i.l.LifecycleMappingFactory - Using org.maven.ide.eclipse.wtp.WarLifecycleMapping lifecycle mapping for MavenProject: com.demo:dynamic-web:0.0.1-SNAPSHOT @ D:\Rays\WorkSpaces\Interviews\dynamic-web\pom.xml.
2026-09-11 12:07:35,635 [Worker-16: Updating Maven Project] INFO  o.e.m.j.i.AbstractJavaProjectConfigurator - Adding source folder /dynamic-web/src/main/java
2026-09-11 12:07:35,635 [Worker-16: Updating Maven Project] INFO  o.e.m.j.i.AbstractJavaProjectConfigurator - Adding resource folder /dynamic-web/src/main/resources
2026-09-11 12:07:35,636 [Worker-16: Updating Maven Project] INFO  o.e.m.j.i.AbstractJavaProjectConfigurator - Adding source folder /dynamic-web/src/test/java
2026-09-11 12:07:35,673 [Worker-16: Updating Maven Project] ERROR o.e.m2e.wtp.WTPProjectConfigurator - Unable to configure dynamic-web
org.eclipse.m2e.wtp.MarkedException: Unable to configure dynamic-web
	at org.eclipse.m2e.wtp.AbstractProjectConfiguratorDelegate.configureProject(AbstractProjectConfiguratorDelegate.java:99) ~[na:na]
	at org.eclipse.m2e.wtp.WTPProjectConfigurator.configure(WTPProjectConfigurator.java:68) ~[na:na]
	at org.eclipse.m2e.core.project.configurator.AbstractLifecycleMapping.configure(AbstractLifecycleMapping.java:120) ~[na:na]
	at org.eclipse.m2e.core.internal.project.ProjectConfigurationManager$3.call(ProjectConfigurationManager.java:508) ~[na:na]
	at org.eclipse.m2e.core.internal.project.ProjectConfigurationManager$3.call(ProjectConfigurationManager.java:1) ~[na:na]
	at org.eclipse.m2e.core.internal.embedder.MavenExecutionContext.executeBare(MavenExecutionContext.java:177) ~[na:na]
	at org.eclipse.m2e.core.internal.embedder.MavenExecutionContext.execute(MavenExecutionContext.java:151) ~[na:na]
	at org.eclipse.m2e.core.internal.project.ProjectConfigurationManager.updateProjectConfiguration(ProjectConfigurationManager.java:501) ~[na:na]
	at org.eclipse.m2e.core.internal.project.ProjectConfigurationManager.updateProjectConfiguration0(ProjectConfigurationManager.java:439) ~[na:na]
	at org.eclipse.m2e.core.internal.project.ProjectConfigurationManager$2.call(ProjectConfigurationManager.java:352) ~[na:na]
	at org.eclipse.m2e.core.internal.project.ProjectConfigurationManager$2.call(ProjectConfigurationManager.java:1) ~[na:na]
	at org.eclipse.m2e.core.internal.embedder.MavenExecutionContext.executeBare(MavenExecutionContext.java:177) ~[na:na]
	at org.eclipse.m2e.core.internal.embedder.MavenExecutionContext.execute(MavenExecutionContext.java:151) ~[na:na]
	at org.eclipse.m2e.core.internal.embedder.MavenExecutionContext.execute(MavenExecutionContext.java:99) ~[na:na]
	at org.eclipse.m2e.core.internal.embedder.MavenImpl.execute(MavenImpl.java:1332) ~[na:na]
	at org.eclipse.m2e.core.internal.project.ProjectConfigurationManager.updateProjectConfiguration(ProjectConfigurationManager.java:349) ~[na:na]
	at org.eclipse.m2e.core.ui.internal.UpdateMavenProjectJob.runInWorkspace(UpdateMavenProjectJob.java:77) ~[org.eclipse.m2e.core.ui_1.11.0.20190220-2119.jar:na]
	at org.eclipse.core.internal.resources.InternalWorkspaceJob.run(InternalWorkspaceJob.java:42) ~[na:na]
	at org.eclipse.core.internal.jobs.Worker.run(Worker.java:63) ~[org.eclipse.core.jobs_3.10.300.v20190215-2048.jar:na]
Caused by: org.eclipse.core.runtime.CoreException: One or more constraints have not been satisfied.
	at org.eclipse.wst.common.project.facet.core.internal.FacetedProject.modifyInternal(FacetedProject.java:363) ~[na:na]
	at org.eclipse.wst.common.project.facet.core.internal.FacetedProject.mergeChangesInternal(FacetedProject.java:1181) ~[na:na]
	at org.eclipse.wst.common.project.facet.core.internal.FacetedProject.access$2(FacetedProject.java:1117) ~[na:na]
	at org.eclipse.wst.common.project.facet.core.internal.FacetedProject$1.run(FacetedProject.java:324) ~[na:na]
	at org.eclipse.core.internal.resources.Workspace.run(Workspace.java:2295) ~[na:na]
	at org.eclipse.core.internal.resources.Workspace.run(Workspace.java:2322) ~[na:na]
	at org.eclipse.wst.common.project.facet.core.internal.FacetedProject.modify(FacetedProject.java:339) ~[na:na]
	at org.eclipse.m2e.wtp.WebProjectConfiguratorDelegate.configure(WebProjectConfiguratorDelegate.java:136) ~[na:na]
	at org.eclipse.m2e.wtp.AbstractProjectConfiguratorDelegate.configureProject(AbstractProjectConfiguratorDelegate.java:95) ~[na:na]
	... 18 common frames omitted
2026-09-11 12:07:35,738 [Worker-16: Updating Maven Project] INFO  o.e.m.w.i.f.ResourceFilteringBuildParticipant - Cleaning filtered folder for dynamic-web
2026-09-11 12:07:35,743 [Worker-16: Updating Maven Project] INFO  o.e.m.c.i.p.ProjectConfigurationManager - Update completed: 1 sec
2026-09-11 12:07:35,973 [Worker-18: Building workspace] WARN  o.e.m.c.i.embedder.EclipseLogger - Using platform encoding (Cp1252 actually) to copy filtered resources, i.e. build is platform dependent!
2026-09-11 12:07:35,974 [Worker-18: Building workspace] INFO  o.e.m.c.i.embedder.EclipseLogger - Copying 0 resource
2026-09-11 12:07:35,976 [Worker-18: Building workspace] WARN  o.e.m.c.i.embedder.EclipseLogger - Using platform encoding (Cp1252 actually) to copy filtered resources, i.e. build is platform dependent!
2026-09-11 12:07:35,977 [Worker-18: Building workspace] INFO  o.e.m.c.i.embedder.EclipseLogger - skip non existing resourceDirectory D:\Rays\WorkSpaces\Interviews\dynamic-web\src\test\resources
2026-09-11 12:07:35,978 [Worker-18: Building workspace] INFO  o.e.m.w.i.f.ResourceFilteringBuildParticipant - Changed resources require a complete clean of filtered resources of dynamic-web
2026-09-11 12:07:35,978 [Worker-18: Building workspace] INFO  o.e.m.w.i.f.ResourceFilteringBuildParticipant - Executing resource filtering for dynamic-web
2026-09-11 12:07:35,982 [Worker-18: Building workspace] WARN  o.e.m.c.i.embedder.EclipseLogger - Using platform encoding (Cp1252 actually) to copy filtered resources, i.e. build is platform dependent!
2026-09-11 12:08:00,842 [Worker-20: Launching Executing clean in D__Rays_WorkSpaces_Interviews_dynamic-web] INFO  o.e.m.i.launch.MavenLaunchDelegate - D:\Rays\WorkSpaces\Interviews\dynamic-web
2026-09-11 12:08:00,843 [Worker-20: Launching Executing clean in D__Rays_WorkSpaces_Interviews_dynamic-web] INFO  o.e.m.i.launch.MavenLaunchDelegate -  mvn -B clean
2026-09-11 12:08:03,810 [Worker-1: Building workspace] WARN  o.e.m.c.i.embedder.EclipseLogger - Using platform encoding (Cp1252 actually) to copy filtered resources, i.e. build is platform dependent!
2026-09-11 12:08:03,814 [Worker-1: Building workspace] INFO  o.e.m.c.i.embedder.EclipseLogger - Copying 0 resource
2026-09-11 12:08:03,816 [Worker-1: Building workspace] WARN  o.e.m.c.i.embedder.EclipseLogger - Using platform encoding (Cp1252 actually) to copy filtered resources, i.e. build is platform dependent!
2026-09-11 12:08:03,817 [Worker-1: Building workspace] INFO  o.e.m.c.i.embedder.EclipseLogger - skip non existing resourceDirectory D:\Rays\WorkSpaces\Interviews\dynamic-web\src\test\resources
2026-09-11 12:08:03,818 [Worker-1: Building workspace] INFO  o.e.m.w.i.f.ResourceFilteringBuildParticipant - Changed resources require a complete clean of filtered resources of dynamic-web
2026-09-11 12:08:03,818 [Worker-1: Building workspace] INFO  o.e.m.w.i.f.ResourceFilteringBuildParticipant - Executing resource filtering for dynamic-web
2026-09-11 12:08:03,823 [Worker-1: Building workspace] WARN  o.e.m.c.i.embedder.EclipseLogger - Using platform encoding (Cp1252 actually) to copy filtered resources, i.e. build is platform dependent!
2026-09-11 12:09:24,477 [Worker-16: Building workspace] ERROR o.e.m.c.i.p.r.ProjectRegistryManager - Could not read pom.xml
org.eclipse.core.runtime.CoreException: Could not read pom.xml
	at org.eclipse.m2e.core.internal.embedder.MavenImpl.readModel(MavenImpl.java:559) ~[na:na]
	at org.eclipse.m2e.core.internal.embedder.MavenImpl.readModel(MavenImpl.java:568) ~[na:na]
	at org.eclipse.m2e.core.internal.project.registry.ProjectRegistryManager.refreshPhase2(ProjectRegistryManager.java:537) ~[na:na]
	at org.eclipse.m2e.core.internal.project.registry.ProjectRegistryManager.refresh(ProjectRegistryManager.java:493) ~[na:na]
	at org.eclipse.m2e.core.internal.project.registry.ProjectRegistryManager.refresh(ProjectRegistryManager.java:349) ~[na:na]
	at org.eclipse.m2e.core.internal.project.registry.ProjectRegistryManager.refresh(ProjectRegistryManager.java:296) ~[na:na]
	at org.eclipse.m2e.core.internal.builder.MavenBuilder$BuildMethod.getProjectFacade(MavenBuilder.java:155) ~[na:na]
	at org.eclipse.m2e.core.internal.builder.MavenBuilder$BuildMethod$1.call(MavenBuilder.java:90) ~[na:na]
	at org.eclipse.m2e.core.internal.embedder.MavenExecutionContext.executeBare(MavenExecutionContext.java:177) ~[na:na]
	at org.eclipse.m2e.core.internal.embedder.MavenExecutionContext.execute(MavenExecutionContext.java:151) ~[na:na]
	at org.eclipse.m2e.core.internal.embedder.MavenExecutionContext.execute(MavenExecutionContext.java:99) ~[na:na]
	at org.eclipse.m2e.core.internal.builder.MavenBuilder$BuildMethod.execute(MavenBuilder.java:87) ~[na:na]
	at org.eclipse.m2e.core.internal.builder.MavenBuilder.build(MavenBuilder.java:201) ~[na:na]
	at org.eclipse.core.internal.events.BuildManager$2.run(BuildManager.java:833) ~[na:na]
	at org.eclipse.core.runtime.SafeRunner.run(SafeRunner.java:45) ~[org.eclipse.equinox.common_3.10.300.v20190218-2100.jar:na]
	at org.eclipse.core.internal.events.BuildManager.basicBuild(BuildManager.java:220) ~[na:na]
	at org.eclipse.core.internal.events.BuildManager.basicBuild(BuildManager.java:263) ~[na:na]
	at org.eclipse.core.internal.events.BuildManager$1.run(BuildManager.java:316) ~[na:na]
	at org.eclipse.core.runtime.SafeRunner.run(SafeRunner.java:45) ~[org.eclipse.equinox.common_3.10.300.v20190218-2100.jar:na]
	at org.eclipse.core.internal.events.BuildManager.basicBuild(BuildManager.java:319) ~[na:na]
	at org.eclipse.core.internal.events.BuildManager.basicBuildLoop(BuildManager.java:371) ~[na:na]
	at org.eclipse.core.internal.events.BuildManager.build(BuildManager.java:392) ~[na:na]
	at org.eclipse.core.internal.events.AutoBuildJob.doBuild(AutoBuildJob.java:154) ~[na:na]
	at org.eclipse.core.internal.events.AutoBuildJob.run(AutoBuildJob.java:244) ~[na:na]
	at org.eclipse.core.internal.jobs.Worker.run(Worker.java:63) ~[org.eclipse.core.jobs_3.10.300.v20190215-2048.jar:na]
Caused by: org.apache.maven.model.io.ModelParseException: Duplicated tag: 'packaging' (position: START_TAG seen ...</dependencies>\r\n  <packaging>... @34:14) 
	at org.apache.maven.model.io.DefaultModelReader.read(DefaultModelReader.java:114) ~[na:na]
	at org.apache.maven.model.io.DefaultModelReader.read(DefaultModelReader.java:82) ~[na:na]
	at org.eclipse.m2e.core.internal.embedder.MavenImpl.readModel(MavenImpl.java:557) ~[na:na]
	... 24 common frames omitted
Caused by: org.codehaus.plexus.util.xml.pull.XmlPullParserException: Duplicated tag: 'packaging' (position: START_TAG seen ...</dependencies>\r\n  <packaging>... @34:14) 
	at org.apache.maven.model.io.xpp3.MavenXpp3Reader.checkFieldWithDuplicate(MavenXpp3Reader.java:140) ~[na:na]
	at org.apache.maven.model.io.xpp3.MavenXpp3Reader.parseModel(MavenXpp3Reader.java:2090) ~[na:na]
	at org.apache.maven.model.io.xpp3.MavenXpp3Reader.read(MavenXpp3Reader.java:3852) ~[na:na]
	at org.apache.maven.model.io.xpp3.MavenXpp3Reader.read(MavenXpp3Reader.java:595) ~[na:na]
	at org.apache.maven.model.io.DefaultModelReader.read(DefaultModelReader.java:109) ~[na:na]
	... 26 common frames omitted
2026-09-11 12:09:25,961 [Worker-20: Building workspace] ERROR o.e.m.c.i.p.r.ProjectRegistryManager - Could not read pom.xml
org.eclipse.core.runtime.CoreException: Could not read pom.xml
	at org.eclipse.m2e.core.internal.embedder.MavenImpl.readModel(MavenImpl.java:559) ~[na:na]
	at org.eclipse.m2e.core.internal.embedder.MavenImpl.readModel(MavenImpl.java:568) ~[na:na]
	at org.eclipse.m2e.core.internal.project.registry.ProjectRegistryManager.refreshPhase2(ProjectRegistryManager.java:537) ~[na:na]
	at org.eclipse.m2e.core.internal.project.registry.ProjectRegistryManager.refresh(ProjectRegistryManager.java:493) ~[na:na]
	at org.eclipse.m2e.core.internal.project.registry.ProjectRegistryManager.refresh(ProjectRegistryManager.java:349) ~[na:na]
	at org.eclipse.m2e.core.internal.project.registry.ProjectRegistryManager.refresh(ProjectRegistryManager.java:296) ~[na:na]
	at org.eclipse.m2e.core.internal.builder.MavenBuilder$BuildMethod.getProjectFacade(MavenBuilder.java:155) ~[na:na]
	at org.eclipse.m2e.core.internal.builder.MavenBuilder$BuildMethod$1.call(MavenBuilder.java:90) ~[na:na]
	at org.eclipse.m2e.core.internal.embedder.MavenExecutionContext.executeBare(MavenExecutionContext.java:177) ~[na:na]
	at org.eclipse.m2e.core.internal.embedder.MavenExecutionContext.execute(MavenExecutionContext.java:151) ~[na:na]
	at org.eclipse.m2e.core.internal.embedder.MavenExecutionContext.execute(MavenExecutionContext.java:99) ~[na:na]
	at org.eclipse.m2e.core.internal.builder.MavenBuilder$BuildMethod.execute(MavenBuilder.java:87) ~[na:na]
	at org.eclipse.m2e.core.internal.builder.MavenBuilder.build(MavenBuilder.java:201) ~[na:na]
	at org.eclipse.core.internal.events.BuildManager$2.run(BuildManager.java:833) ~[na:na]
	at org.eclipse.core.runtime.SafeRunner.run(SafeRunner.java:45) ~[org.eclipse.equinox.common_3.10.300.v20190218-2100.jar:na]
	at org.eclipse.core.internal.events.BuildManager.basicBuild(BuildManager.java:220) ~[na:na]
	at org.eclipse.core.internal.events.BuildManager.basicBuild(BuildManager.java:263) ~[na:na]
	at org.eclipse.core.internal.events.BuildManager$1.run(BuildManager.java:316) ~[na:na]
	at org.eclipse.core.runtime.SafeRunner.run(SafeRunner.java:45) ~[org.eclipse.equinox.common_3.10.300.v20190218-2100.jar:na]
	at org.eclipse.core.internal.events.BuildManager.basicBuild(BuildManager.java:319) ~[na:na]
	at org.eclipse.core.internal.events.BuildManager.basicBuildLoop(BuildManager.java:371) ~[na:na]
	at org.eclipse.core.internal.events.BuildManager.build(BuildManager.java:392) ~[na:na]
	at org.eclipse.core.internal.events.AutoBuildJob.doBuild(AutoBuildJob.java:154) ~[na:na]
	at org.eclipse.core.internal.events.AutoBuildJob.run(AutoBuildJob.java:244) ~[na:na]
	at org.eclipse.core.internal.jobs.Worker.run(Worker.java:63) ~[org.eclipse.core.jobs_3.10.300.v20190215-2048.jar:na]
Caused by: org.apache.maven.model.io.ModelParseException: Duplicated tag: 'packaging' (position: START_TAG seen ...</dependencies>\r\n  <packaging>... @34:14) 
	at org.apache.maven.model.io.DefaultModelReader.read(DefaultModelReader.java:114) ~[na:na]
	at org.apache.maven.model.io.DefaultModelReader.read(DefaultModelReader.java:82) ~[na:na]
	at org.eclipse.m2e.core.internal.embedder.MavenImpl.readModel(MavenImpl.java:557) ~[na:na]
	... 24 common frames omitted
Caused by: org.codehaus.plexus.util.xml.pull.XmlPullParserException: Duplicated tag: 'packaging' (position: START_TAG seen ...</dependencies>\r\n  <packaging>... @34:14) 
	at org.apache.maven.model.io.xpp3.MavenXpp3Reader.checkFieldWithDuplicate(MavenXpp3Reader.java:140) ~[na:na]
	at org.apache.maven.model.io.xpp3.MavenXpp3Reader.parseModel(MavenXpp3Reader.java:2090) ~[na:na]
	at org.apache.maven.model.io.xpp3.MavenXpp3Reader.read(MavenXpp3Reader.java:3852) ~[na:na]
	at org.apache.maven.model.io.xpp3.MavenXpp3Reader.read(MavenXpp3Reader.java:595) ~[na:na]
	at org.apache.maven.model.io.DefaultModelReader.read(DefaultModelReader.java:109) ~[na:na]
	... 26 common frames omitted
2026-09-11 12:09:27,122 [Worker-3: Building workspace] ERROR o.e.m.c.i.p.r.ProjectRegistryManager - Could not read pom.xml
org.eclipse.core.runtime.CoreException: Could not read pom.xml
	at org.eclipse.m2e.core.internal.embedder.MavenImpl.readModel(MavenImpl.java:559) ~[na:na]
	at org.eclipse.m2e.core.internal.embedder.MavenImpl.readModel(MavenImpl.java:568) ~[na:na]
	at org.eclipse.m2e.core.internal.project.registry.ProjectRegistryManager.refreshPhase2(ProjectRegistryManager.java:537) ~[na:na]
	at org.eclipse.m2e.core.internal.project.registry.ProjectRegistryManager.refresh(ProjectRegistryManager.java:493) ~[na:na]
	at org.eclipse.m2e.core.internal.project.registry.ProjectRegistryManager.refresh(ProjectRegistryManager.java:349) ~[na:na]
	at org.eclipse.m2e.core.internal.project.registry.ProjectRegistryManager.refresh(ProjectRegistryManager.java:296) ~[na:na]
	at org.eclipse.m2e.core.internal.builder.MavenBuilder$BuildMethod.getProjectFacade(MavenBuilder.java:155) ~[na:na]
	at org.eclipse.m2e.core.internal.builder.MavenBuilder$BuildMethod$1.call(MavenBuilder.java:90) ~[na:na]
	at org.eclipse.m2e.core.internal.embedder.MavenExecutionContext.executeBare(MavenExecutionContext.java:177) ~[na:na]
	at org.eclipse.m2e.core.internal.embedder.MavenExecutionContext.execute(MavenExecutionContext.java:151) ~[na:na]
	at org.eclipse.m2e.core.internal.embedder.MavenExecutionContext.execute(MavenExecutionContext.java:99) ~[na:na]
	at org.eclipse.m2e.core.internal.builder.MavenBuilder$BuildMethod.execute(MavenBuilder.java:87) ~[na:na]
	at org.eclipse.m2e.core.internal.builder.MavenBuilder.build(MavenBuilder.java:201) ~[na:na]
	at org.eclipse.core.internal.events.BuildManager$2.run(BuildManager.java:833) ~[na:na]
	at org.eclipse.core.runtime.SafeRunner.run(SafeRunner.java:45) ~[org.eclipse.equinox.common_3.10.300.v20190218-2100.jar:na]
	at org.eclipse.core.internal.events.BuildManager.basicBuild(BuildManager.java:220) ~[na:na]
	at org.eclipse.core.internal.events.BuildManager.basicBuild(BuildManager.java:263) ~[na:na]
	at org.eclipse.core.internal.events.BuildManager$1.run(BuildManager.java:316) ~[na:na]
	at org.eclipse.core.runtime.SafeRunner.run(SafeRunner.java:45) ~[org.eclipse.equinox.common_3.10.300.v20190218-2100.jar:na]
	at org.eclipse.core.internal.events.BuildManager.basicBuild(BuildManager.java:319) ~[na:na]
	at org.eclipse.core.internal.events.BuildManager.basicBuildLoop(BuildManager.java:371) ~[na:na]
	at org.eclipse.core.internal.events.BuildManager.build(BuildManager.java:392) ~[na:na]
	at org.eclipse.core.internal.events.AutoBuildJob.doBuild(AutoBuildJob.java:154) ~[na:na]
	at org.eclipse.core.internal.events.AutoBuildJob.run(AutoBuildJob.java:244) ~[na:na]
	at org.eclipse.core.internal.jobs.Worker.run(Worker.java:63) ~[org.eclipse.core.jobs_3.10.300.v20190215-2048.jar:na]
Caused by: org.apache.maven.model.io.ModelParseException: Duplicated tag: 'packaging' (position: START_TAG seen ...</dependencies>\r\n  <packaging>... @34:14) 
	at org.apache.maven.model.io.DefaultModelReader.read(DefaultModelReader.java:114) ~[na:na]
	at org.apache.maven.model.io.DefaultModelReader.read(DefaultModelReader.java:82) ~[na:na]
	at org.eclipse.m2e.core.internal.embedder.MavenImpl.readModel(MavenImpl.java:557) ~[na:na]
	... 24 common frames omitted
Caused by: org.codehaus.plexus.util.xml.pull.XmlPullParserException: Duplicated tag: 'packaging' (position: START_TAG seen ...</dependencies>\r\n  <packaging>... @34:14) 
	at org.apache.maven.model.io.xpp3.MavenXpp3Reader.checkFieldWithDuplicate(MavenXpp3Reader.java:140) ~[na:na]
	at org.apache.maven.model.io.xpp3.MavenXpp3Reader.parseModel(MavenXpp3Reader.java:2090) ~[na:na]
	at org.apache.maven.model.io.xpp3.MavenXpp3Reader.read(MavenXpp3Reader.java:3852) ~[na:na]
	at org.apache.maven.model.io.xpp3.MavenXpp3Reader.read(MavenXpp3Reader.java:595) ~[na:na]
	at org.apache.maven.model.io.DefaultModelReader.read(DefaultModelReader.java:109) ~[na:na]
	... 26 common frames omitted
2026-09-11 12:09:30,153 [Worker-1: Building workspace] INFO  o.e.m.c.i.l.LifecycleMappingFactory - Using org.maven.ide.eclipse.wtp.WarLifecycleMapping lifecycle mapping for MavenProject: com.demo:dynamic-web:0.0.1-SNAPSHOT @ D:\Rays\WorkSpaces\Interviews\dynamic-web\pom.xml.
2026-09-11 12:09:30,928 [Worker-1: Building workspace] WARN  o.e.m.c.i.embedder.EclipseLogger - Using platform encoding (Cp1252 actually) to copy filtered resources, i.e. build is platform dependent!
2026-09-11 12:09:30,963 [Worker-1: Building workspace] INFO  o.e.m.c.i.embedder.EclipseLogger - Copying 0 resource
2026-09-11 12:09:30,966 [Worker-1: Building workspace] WARN  o.e.m.c.i.embedder.EclipseLogger - Using platform encoding (Cp1252 actually) to copy filtered resources, i.e. build is platform dependent!
2026-09-11 12:09:30,969 [Worker-1: Building workspace] INFO  o.e.m.c.i.embedder.EclipseLogger - skip non existing resourceDirectory D:\Rays\WorkSpaces\Interviews\dynamic-web\src\test\resources
2026-09-11 12:09:30,970 [Worker-1: Building workspace] INFO  o.e.m.w.i.f.ResourceFilteringBuildParticipant - Changed resources require a complete clean of filtered resources of dynamic-web
2026-09-11 12:09:30,970 [Worker-1: Building workspace] INFO  o.e.m.w.i.f.ResourceFilteringBuildParticipant - Executing resource filtering for dynamic-web
2026-09-11 12:09:30,975 [Worker-1: Building workspace] WARN  o.e.m.c.i.embedder.EclipseLogger - Using platform encoding (Cp1252 actually) to copy filtered resources, i.e. build is platform dependent!
2026-09-11 12:09:32,226 [Worker-3: Building workspace] WARN  o.e.m.c.i.embedder.EclipseLogger - Using platform encoding (Cp1252 actually) to copy filtered resources, i.e. build is platform dependent!
2026-09-11 12:09:32,227 [Worker-3: Building workspace] INFO  o.e.m.c.i.embedder.EclipseLogger - Copying 0 resource
2026-09-11 12:09:32,229 [Worker-3: Building workspace] WARN  o.e.m.c.i.embedder.EclipseLogger - Using platform encoding (Cp1252 actually) to copy filtered resources, i.e. build is platform dependent!
2026-09-11 12:09:32,230 [Worker-3: Building workspace] INFO  o.e.m.c.i.embedder.EclipseLogger - skip non existing resourceDirectory D:\Rays\WorkSpaces\Interviews\dynamic-web\src\test\resources
2026-09-11 12:09:36,168 [Worker-1: Building workspace] WARN  o.e.m.c.i.embedder.EclipseLogger - Using platform encoding (Cp1252 actually) to copy filtered resources, i.e. build is platform dependent!
2026-09-11 12:09:36,170 [Worker-1: Building workspace] INFO  o.e.m.c.i.embedder.EclipseLogger - Copying 0 resource
2026-09-11 12:09:36,171 [Worker-1: Building workspace] WARN  o.e.m.c.i.embedder.EclipseLogger - Using platform encoding (Cp1252 actually) to copy filtered resources, i.e. build is platform dependent!
2026-09-11 12:09:36,172 [Worker-1: Building workspace] INFO  o.e.m.c.i.embedder.EclipseLogger - skip non existing resourceDirectory D:\Rays\WorkSpaces\Interviews\dynamic-web\src\test\resources
2026-09-11 12:10:22,341 [Worker-16: Building workspace] WARN  o.e.m.c.i.embedder.EclipseLogger - Using platform encoding (Cp1252 actually) to copy filtered resources, i.e. build is platform dependent!
2026-09-11 12:10:22,343 [Worker-16: Building workspace] INFO  o.e.m.c.i.embedder.EclipseLogger - Copying 0 resource
2026-09-11 12:10:22,345 [Worker-16: Building workspace] WARN  o.e.m.c.i.embedder.EclipseLogger - Using platform encoding (Cp1252 actually) to copy filtered resources, i.e. build is platform dependent!
2026-09-11 12:10:22,346 [Worker-16: Building workspace] INFO  o.e.m.c.i.embedder.EclipseLogger - skip non existing resourceDirectory D:\Rays\WorkSpaces\Interviews\dynamic-web\src\test\resources
2026-09-11 12:13:20,469 [Worker-21: Building Workspace] WARN  o.e.m.c.i.embedder.EclipseLogger - Using platform encoding (Cp1252 actually) to copy filtered resources, i.e. build is platform dependent!
2026-09-11 12:13:20,470 [Worker-21: Building Workspace] INFO  o.e.m.c.i.embedder.EclipseLogger - Copying 0 resource
2026-09-11 12:13:20,471 [Worker-21: Building Workspace] WARN  o.e.m.c.i.embedder.EclipseLogger - Using platform encoding (Cp1252 actually) to copy filtered resources, i.e. build is platform dependent!
2026-09-11 12:13:20,472 [Worker-21: Building Workspace] INFO  o.e.m.c.i.embedder.EclipseLogger - skip non existing resourceDirectory D:\Rays\WorkSpaces\Interviews\dynamic-web\src\test\resources
2026-09-11 12:13:27,611 [Worker-20: Building workspace] WARN  o.e.m.c.i.embedder.EclipseLogger - Using platform encoding (Cp1252 actually) to copy filtered resources, i.e. build is platform dependent!
2026-09-11 12:13:27,611 [Worker-20: Building workspace] INFO  o.e.m.c.i.embedder.EclipseLogger - Copying 0 resource
2026-09-11 12:13:27,612 [Worker-20: Building workspace] WARN  o.e.m.c.i.embedder.EclipseLogger - Using platform encoding (Cp1252 actually) to copy filtered resources, i.e. build is platform dependent!
2026-09-11 12:13:27,613 [Worker-20: Building workspace] INFO  o.e.m.c.i.embedder.EclipseLogger - skip non existing resourceDirectory D:\Rays\WorkSpaces\Interviews\dynamic-web\src\test\resources
2026-09-11 12:14:25,539 [Worker-16: Building workspace] WARN  o.e.m.c.i.embedder.EclipseLogger - Using platform encoding (Cp1252 actually) to copy filtered resources, i.e. build is platform dependent!
2026-09-11 12:14:25,542 [Worker-16: Building workspace] INFO  o.e.m.c.i.embedder.EclipseLogger - Copying 0 resource
2026-09-11 12:14:25,543 [Worker-16: Building workspace] WARN  o.e.m.c.i.embedder.EclipseLogger - Using platform encoding (Cp1252 actually) to copy filtered resources, i.e. build is platform dependent!
2026-09-11 12:14:25,544 [Worker-16: Building workspace] INFO  o.e.m.c.i.embedder.EclipseLogger - skip non existing resourceDirectory D:\Rays\WorkSpaces\Interviews\dynamic-web\src\test\resources
2026-09-11 12:17:20,464 [Worker-26: Creating maven-archetype-webapp] INFO  o.e.m.c.i.p.ProjectConfigurationManager - Collecting project info '/pom.xml' D:\Rays\WorkSpaces\Interviews\DynamicWeb\pom.xml
2026-09-11 12:17:21,038 [Worker-26: Creating maven-archetype-webapp] INFO  o.e.m.c.i.l.LifecycleMappingFactory - Using org.maven.ide.eclipse.wtp.WarLifecycleMapping lifecycle mapping for MavenProject: com.rays.servlet:DynamicWeb:0.0.1-SNAPSHOT @ D:\Rays\WorkSpaces\Interviews\DynamicWeb\pom.xml.
2026-09-11 12:17:21,717 [Worker-26: Creating maven-archetype-webapp] INFO  o.e.m.j.i.AbstractJavaProjectConfigurator - Adding source folder /DynamicWeb/src/main/java
2026-09-11 12:17:21,717 [Worker-26: Creating maven-archetype-webapp] INFO  o.e.m.j.i.AbstractJavaProjectConfigurator - Adding resource folder /DynamicWeb/src/main/resources
2026-09-11 12:17:21,717 [Worker-26: Creating maven-archetype-webapp] INFO  o.e.m.j.i.AbstractJavaProjectConfigurator - Adding source folder /DynamicWeb/src/test/java
2026-09-11 12:17:22,859 [Worker-26: Creating maven-archetype-webapp] INFO  o.e.m.c.i.p.ProjectConfigurationManager - Imported and configured 1 project(s) in 2 sec
2026-09-11 12:17:23,142 [Worker-23: Building workspace] WARN  o.e.m.c.i.embedder.EclipseLogger - Using platform encoding (Cp1252 actually) to copy filtered resources, i.e. build is platform dependent!
2026-09-11 12:17:23,144 [Worker-23: Building workspace] INFO  o.e.m.c.i.embedder.EclipseLogger - Copying 0 resource
2026-09-11 12:17:23,146 [Worker-23: Building workspace] WARN  o.e.m.c.i.embedder.EclipseLogger - Using platform encoding (Cp1252 actually) to copy filtered resources, i.e. build is platform dependent!
2026-09-11 12:17:23,147 [Worker-23: Building workspace] INFO  o.e.m.c.i.embedder.EclipseLogger - skip non existing resourceDirectory D:\Rays\WorkSpaces\Interviews\DynamicWeb\src\test\resources
2026-09-11 12:17:24,213 [Worker-20: Building workspace] WARN  o.e.m.c.i.embedder.EclipseLogger - Using platform encoding (Cp1252 actually) to copy filtered resources, i.e. build is platform dependent!
2026-09-11 12:17:24,217 [Worker-20: Building workspace] INFO  o.e.m.c.i.embedder.EclipseLogger - Copying 0 resource
2026-09-11 12:17:24,218 [Worker-20: Building workspace] WARN  o.e.m.c.i.embedder.EclipseLogger - Using platform encoding (Cp1252 actually) to copy filtered resources, i.e. build is platform dependent!
2026-09-11 12:17:24,219 [Worker-20: Building workspace] INFO  o.e.m.c.i.embedder.EclipseLogger - skip non existing resourceDirectory D:\Rays\WorkSpaces\Interviews\DynamicWeb\src\test\resources
2026-09-11 12:17:50,381 [Worker-23: Building workspace] WARN  o.e.m.c.i.embedder.EclipseLogger - Using platform encoding (Cp1252 actually) to copy filtered resources, i.e. build is platform dependent!
2026-09-11 12:17:50,382 [Worker-23: Building workspace] INFO  o.e.m.c.i.embedder.EclipseLogger - Copying 0 resource
2026-09-11 12:17:50,383 [Worker-23: Building workspace] WARN  o.e.m.c.i.embedder.EclipseLogger - Using platform encoding (Cp1252 actually) to copy filtered resources, i.e. build is platform dependent!
2026-09-11 12:17:50,384 [Worker-23: Building workspace] INFO  o.e.m.c.i.embedder.EclipseLogger - skip non existing resourceDirectory D:\Rays\WorkSpaces\Interviews\DynamicWeb\src\test\resources
2026-09-11 12:18:19,364 [Worker-23: Building workspace] WARN  o.e.m.c.i.embedder.EclipseLogger - Using platform encoding (Cp1252 actually) to copy filtered resources, i.e. build is platform dependent!
2026-09-11 12:18:19,365 [Worker-23: Building workspace] INFO  o.e.m.c.i.embedder.EclipseLogger - Copying 0 resource
2026-09-11 12:18:19,366 [Worker-23: Building workspace] WARN  o.e.m.c.i.embedder.EclipseLogger - Using platform encoding (Cp1252 actually) to copy filtered resources, i.e. build is platform dependent!
2026-09-11 12:18:19,366 [Worker-23: Building workspace] INFO  o.e.m.c.i.embedder.EclipseLogger - skip non existing resourceDirectory D:\Rays\WorkSpaces\Interviews\DynamicWeb\src\test\resources
2026-09-11 12:18:31,873 [Worker-28: Building workspace] WARN  o.e.m.c.i.embedder.EclipseLogger - Using platform encoding (Cp1252 actually) to copy filtered resources, i.e. build is platform dependent!
2026-09-11 12:18:31,875 [Worker-28: Building workspace] INFO  o.e.m.c.i.embedder.EclipseLogger - Copying 0 resource
2026-09-11 12:18:31,876 [Worker-28: Building workspace] WARN  o.e.m.c.i.embedder.EclipseLogger - Using platform encoding (Cp1252 actually) to copy filtered resources, i.e. build is platform dependent!
2026-09-11 12:18:31,877 [Worker-28: Building workspace] INFO  o.e.m.c.i.embedder.EclipseLogger - skip non existing resourceDirectory D:\Rays\WorkSpaces\Interviews\DynamicWeb\src\test\resources
2026-09-11 12:18:55,148 [Worker-24: Building workspace] WARN  o.e.m.c.i.embedder.EclipseLogger - Using platform encoding (Cp1252 actually) to copy filtered resources, i.e. build is platform dependent!
2026-09-11 12:18:55,150 [Worker-24: Building workspace] INFO  o.e.m.c.i.embedder.EclipseLogger - Copying 0 resource
2026-09-11 12:18:55,151 [Worker-24: Building workspace] WARN  o.e.m.c.i.embedder.EclipseLogger - Using platform encoding (Cp1252 actually) to copy filtered resources, i.e. build is platform dependent!
2026-09-11 12:18:55,152 [Worker-24: Building workspace] INFO  o.e.m.c.i.embedder.EclipseLogger - skip non existing resourceDirectory D:\Rays\WorkSpaces\Interviews\DynamicWeb\src\test\resources
2026-09-11 12:19:20,012 [Worker-23: Building workspace] WARN  o.e.m.c.i.embedder.EclipseLogger - Using platform encoding (Cp1252 actually) to copy filtered resources, i.e. build is platform dependent!
2026-09-11 12:19:20,013 [Worker-23: Building workspace] INFO  o.e.m.c.i.embedder.EclipseLogger - Copying 0 resource
2026-09-11 12:19:20,014 [Worker-23: Building workspace] WARN  o.e.m.c.i.embedder.EclipseLogger - Using platform encoding (Cp1252 actually) to copy filtered resources, i.e. build is platform dependent!
2026-09-11 12:19:20,015 [Worker-23: Building workspace] INFO  o.e.m.c.i.embedder.EclipseLogger - skip non existing resourceDirectory D:\Rays\WorkSpaces\Interviews\DynamicWeb\src\test\resources
2026-09-11 12:19:23,306 [Worker-20: Building workspace] WARN  o.e.m.c.i.embedder.EclipseLogger - Using platform encoding (Cp1252 actually) to copy filtered resources, i.e. build is platform dependent!
2026-09-11 12:19:23,308 [Worker-20: Building workspace] INFO  o.e.m.c.i.embedder.EclipseLogger - Copying 0 resource
2026-09-11 12:19:23,311 [Worker-20: Building workspace] WARN  o.e.m.c.i.embedder.EclipseLogger - Using platform encoding (Cp1252 actually) to copy filtered resources, i.e. build is platform dependent!
2026-09-11 12:19:23,312 [Worker-20: Building workspace] INFO  o.e.m.c.i.embedder.EclipseLogger - skip non existing resourceDirectory D:\Rays\WorkSpaces\Interviews\DynamicWeb\src\test\resources
2026-09-11 12:19:52,826 [Worker-20: Building workspace] INFO  o.e.m.c.i.l.LifecycleMappingFactory - Using org.maven.ide.eclipse.wtp.WarLifecycleMapping lifecycle mapping for MavenProject: com.rays.servlet:DynamicWeb:0.0.1-SNAPSHOT @ D:\Rays\WorkSpaces\Interviews\DynamicWeb\pom.xml.
2026-09-11 12:19:54,358 [Worker-20: Building workspace] WARN  o.e.m.c.i.embedder.EclipseLogger - Using platform encoding (Cp1252 actually) to copy filtered resources, i.e. build is platform dependent!
2026-09-11 12:19:54,363 [Worker-20: Building workspace] INFO  o.e.m.c.i.embedder.EclipseLogger - Copying 0 resource
2026-09-11 12:19:54,366 [Worker-20: Building workspace] WARN  o.e.m.c.i.embedder.EclipseLogger - Using platform encoding (Cp1252 actually) to copy filtered resources, i.e. build is platform dependent!
2026-09-11 12:19:54,368 [Worker-20: Building workspace] INFO  o.e.m.c.i.embedder.EclipseLogger - skip non existing resourceDirectory D:\Rays\WorkSpaces\Interviews\DynamicWeb\src\test\resources
2026-09-11 12:19:54,368 [Worker-20: Building workspace] INFO  o.e.m.w.i.f.ResourceFilteringBuildParticipant - Changed resources require a complete clean of filtered resources of DynamicWeb
2026-09-11 12:19:54,368 [Worker-20: Building workspace] INFO  o.e.m.w.i.f.ResourceFilteringBuildParticipant - Executing resource filtering for DynamicWeb
2026-09-11 12:19:54,375 [Worker-20: Building workspace] WARN  o.e.m.c.i.embedder.EclipseLogger - Using platform encoding (Cp1252 actually) to copy filtered resources, i.e. build is platform dependent!
2026-09-11 12:19:54,657 [Worker-23: Building workspace] WARN  o.e.m.c.i.embedder.EclipseLogger - Using platform encoding (Cp1252 actually) to copy filtered resources, i.e. build is platform dependent!
2026-09-11 12:19:54,659 [Worker-23: Building workspace] INFO  o.e.m.c.i.embedder.EclipseLogger - Copying 0 resource
2026-09-11 12:19:54,660 [Worker-23: Building workspace] WARN  o.e.m.c.i.embedder.EclipseLogger - Using platform encoding (Cp1252 actually) to copy filtered resources, i.e. build is platform dependent!
2026-09-11 12:19:54,661 [Worker-23: Building workspace] INFO  o.e.m.c.i.embedder.EclipseLogger - skip non existing resourceDirectory D:\Rays\WorkSpaces\Interviews\DynamicWeb\src\test\resources
2026-09-11 12:19:58,264 [Worker-23: Building workspace] INFO  o.e.m.c.i.l.LifecycleMappingFactory - Using org.maven.ide.eclipse.wtp.WarLifecycleMapping lifecycle mapping for MavenProject: com.rays.servlet:DynamicWeb:0.0.1-SNAPSHOT @ D:\Rays\WorkSpaces\Interviews\DynamicWeb\pom.xml.
2026-09-11 12:19:59,008 [Worker-23: Building workspace] WARN  o.e.m.c.i.embedder.EclipseLogger - Using platform encoding (Cp1252 actually) to copy filtered resources, i.e. build is platform dependent!
2026-09-11 12:19:59,011 [Worker-23: Building workspace] INFO  o.e.m.c.i.embedder.EclipseLogger - Copying 0 resource
2026-09-11 12:19:59,013 [Worker-23: Building workspace] WARN  o.e.m.c.i.embedder.EclipseLogger - Using platform encoding (Cp1252 actually) to copy filtered resources, i.e. build is platform dependent!
2026-09-11 12:19:59,014 [Worker-23: Building workspace] INFO  o.e.m.c.i.embedder.EclipseLogger - skip non existing resourceDirectory D:\Rays\WorkSpaces\Interviews\DynamicWeb\src\test\resources
2026-09-11 12:19:59,014 [Worker-23: Building workspace] INFO  o.e.m.w.i.f.ResourceFilteringBuildParticipant - Changed resources require a complete clean of filtered resources of DynamicWeb
2026-09-11 12:19:59,014 [Worker-23: Building workspace] INFO  o.e.m.w.i.f.ResourceFilteringBuildParticipant - Executing resource filtering for DynamicWeb
2026-09-11 12:19:59,019 [Worker-23: Building workspace] WARN  o.e.m.c.i.embedder.EclipseLogger - Using platform encoding (Cp1252 actually) to copy filtered resources, i.e. build is platform dependent!
2026-09-11 12:19:59,946 [Worker-28: Building workspace] INFO  o.e.m.c.i.l.LifecycleMappingFactory - Using org.maven.ide.eclipse.wtp.WarLifecycleMapping lifecycle mapping for MavenProject: com.rays.servlet:DynamicWeb:0.0.1-SNAPSHOT @ D:\Rays\WorkSpaces\Interviews\DynamicWeb\pom.xml.
2026-09-11 12:20:00,522 [Worker-28: Building workspace] WARN  o.e.m.c.i.embedder.EclipseLogger - Using platform encoding (Cp1252 actually) to copy filtered resources, i.e. build is platform dependent!
2026-09-11 12:20:00,525 [Worker-28: Building workspace] INFO  o.e.m.c.i.embedder.EclipseLogger - Copying 0 resource
2026-09-11 12:20:00,527 [Worker-28: Building workspace] WARN  o.e.m.c.i.embedder.EclipseLogger - Using platform encoding (Cp1252 actually) to copy filtered resources, i.e. build is platform dependent!
2026-09-11 12:20:00,527 [Worker-28: Building workspace] INFO  o.e.m.c.i.embedder.EclipseLogger - skip non existing resourceDirectory D:\Rays\WorkSpaces\Interviews\DynamicWeb\src\test\resources
2026-09-11 12:20:00,528 [Worker-28: Building workspace] INFO  o.e.m.w.i.f.ResourceFilteringBuildParticipant - Changed resources require a complete clean of filtered resources of DynamicWeb
2026-09-11 12:20:00,528 [Worker-28: Building workspace] INFO  o.e.m.w.i.f.ResourceFilteringBuildParticipant - Executing resource filtering for DynamicWeb
2026-09-11 12:20:00,531 [Worker-28: Building workspace] WARN  o.e.m.c.i.embedder.EclipseLogger - Using platform encoding (Cp1252 actually) to copy filtered resources, i.e. build is platform dependent!
2026-09-11 12:22:05,719 [Worker-16: Building workspace] WARN  o.e.m.c.i.embedder.EclipseLogger - Using platform encoding (Cp1252 actually) to copy filtered resources, i.e. build is platform dependent!
2026-09-11 12:22:05,721 [Worker-16: Building workspace] INFO  o.e.m.c.i.embedder.EclipseLogger - Copying 0 resource
2026-09-11 12:22:05,722 [Worker-16: Building workspace] WARN  o.e.m.c.i.embedder.EclipseLogger - Using platform encoding (Cp1252 actually) to copy filtered resources, i.e. build is platform dependent!
2026-09-11 12:22:05,723 [Worker-16: Building workspace] INFO  o.e.m.c.i.embedder.EclipseLogger - skip non existing resourceDirectory D:\Rays\WorkSpaces\Interviews\DynamicWeb\src\test\resources
2026-09-11 12:22:35,750 [Worker-23: Building workspace] WARN  o.e.m.c.i.embedder.EclipseLogger - Using platform encoding (Cp1252 actually) to copy filtered resources, i.e. build is platform dependent!
2026-09-11 12:22:35,751 [Worker-23: Building workspace] INFO  o.e.m.c.i.embedder.EclipseLogger - Copying 0 resource
2026-09-11 12:22:35,752 [Worker-23: Building workspace] WARN  o.e.m.c.i.embedder.EclipseLogger - Using platform encoding (Cp1252 actually) to copy filtered resources, i.e. build is platform dependent!
2026-09-11 12:22:35,753 [Worker-23: Building workspace] INFO  o.e.m.c.i.embedder.EclipseLogger - skip non existing resourceDirectory D:\Rays\WorkSpaces\Interviews\DynamicWeb\src\test\resources
2026-09-11 12:22:39,166 [Worker-28: Building workspace] WARN  o.e.m.c.i.embedder.EclipseLogger - Using platform encoding (Cp1252 actually) to copy filtered resources, i.e. build is platform dependent!
2026-09-11 12:22:39,168 [Worker-28: Building workspace] INFO  o.e.m.c.i.embedder.EclipseLogger - Copying 0 resource
2026-09-11 12:22:39,169 [Worker-28: Building workspace] WARN  o.e.m.c.i.embedder.EclipseLogger - Using platform encoding (Cp1252 actually) to copy filtered resources, i.e. build is platform dependent!
2026-09-11 12:22:39,170 [Worker-28: Building workspace] INFO  o.e.m.c.i.embedder.EclipseLogger - skip non existing resourceDirectory D:\Rays\WorkSpaces\Interviews\DynamicWeb\src\test\resources
2026-09-11 12:22:58,703 [Worker-28: Building workspace] WARN  o.e.m.c.i.embedder.EclipseLogger - Using platform encoding (Cp1252 actually) to copy filtered resources, i.e. build is platform dependent!
2026-09-11 12:22:58,704 [Worker-28: Building workspace] INFO  o.e.m.c.i.embedder.EclipseLogger - Copying 0 resource
2026-09-11 12:22:58,707 [Worker-28: Building workspace] WARN  o.e.m.c.i.embedder.EclipseLogger - Using platform encoding (Cp1252 actually) to copy filtered resources, i.e. build is platform dependent!
2026-09-11 12:22:58,708 [Worker-28: Building workspace] INFO  o.e.m.c.i.embedder.EclipseLogger - skip non existing resourceDirectory D:\Rays\WorkSpaces\Interviews\DynamicWeb\src\test\resources
2026-09-11 12:26:39,676 [Worker-28: Building workspace] WARN  o.e.m.c.i.embedder.EclipseLogger - Using platform encoding (Cp1252 actually) to copy filtered resources, i.e. build is platform dependent!
2026-09-11 12:26:39,678 [Worker-28: Building workspace] INFO  o.e.m.c.i.embedder.EclipseLogger - Copying 0 resource
2026-09-11 12:26:39,679 [Worker-28: Building workspace] WARN  o.e.m.c.i.embedder.EclipseLogger - Using platform encoding (Cp1252 actually) to copy filtered resources, i.e. build is platform dependent!
2026-09-11 12:26:39,680 [Worker-28: Building workspace] INFO  o.e.m.c.i.embedder.EclipseLogger - skip non existing resourceDirectory D:\Rays\WorkSpaces\Interviews\DynamicWeb\src\test\resources
2026-09-11 12:31:03,533 [Worker-16: Building workspace] WARN  o.e.m.c.i.embedder.EclipseLogger - Using platform encoding (Cp1252 actually) to copy filtered resources, i.e. build is platform dependent!
2026-09-11 12:31:03,535 [Worker-16: Building workspace] INFO  o.e.m.c.i.embedder.EclipseLogger - Copying 0 resource
2026-09-11 12:31:03,536 [Worker-16: Building workspace] WARN  o.e.m.c.i.embedder.EclipseLogger - Using platform encoding (Cp1252 actually) to copy filtered resources, i.e. build is platform dependent!
2026-09-11 12:31:03,537 [Worker-16: Building workspace] INFO  o.e.m.c.i.embedder.EclipseLogger - skip non existing resourceDirectory D:\Rays\WorkSpaces\Interviews\DynamicWeb\src\test\resources
2026-09-11 12:31:21,028 [Worker-22: Building workspace] WARN  o.e.m.c.i.embedder.EclipseLogger - Using platform encoding (Cp1252 actually) to copy filtered resources, i.e. build is platform dependent!
2026-09-11 12:31:21,030 [Worker-22: Building workspace] INFO  o.e.m.c.i.embedder.EclipseLogger - Copying 0 resource
2026-09-11 12:31:21,031 [Worker-22: Building workspace] WARN  o.e.m.c.i.embedder.EclipseLogger - Using platform encoding (Cp1252 actually) to copy filtered resources, i.e. build is platform dependent!
2026-09-11 12:31:21,032 [Worker-22: Building workspace] INFO  o.e.m.c.i.embedder.EclipseLogger - skip non existing resourceDirectory D:\Rays\WorkSpaces\Interviews\DynamicWeb\src\test\resources
2026-09-11 12:31:48,102 [Worker-18: Building workspace] WARN  o.e.m.c.i.embedder.EclipseLogger - Using platform encoding (Cp1252 actually) to copy filtered resources, i.e. build is platform dependent!
2026-09-11 12:31:48,104 [Worker-18: Building workspace] INFO  o.e.m.c.i.embedder.EclipseLogger - Copying 0 resource
2026-09-11 12:31:48,105 [Worker-18: Building workspace] WARN  o.e.m.c.i.embedder.EclipseLogger - Using platform encoding (Cp1252 actually) to copy filtered resources, i.e. build is platform dependent!
2026-09-11 12:31:48,106 [Worker-18: Building workspace] INFO  o.e.m.c.i.embedder.EclipseLogger - skip non existing resourceDirectory D:\Rays\WorkSpaces\Interviews\DynamicWeb\src\test\resources
2026-09-11 12:32:40,034 [Worker-22: Building workspace] WARN  o.e.m.c.i.embedder.EclipseLogger - Using platform encoding (Cp1252 actually) to copy filtered resources, i.e. build is platform dependent!
2026-09-11 12:32:40,035 [Worker-22: Building workspace] INFO  o.e.m.c.i.embedder.EclipseLogger - Copying 0 resource
2026-09-11 12:32:40,037 [Worker-22: Building workspace] WARN  o.e.m.c.i.embedder.EclipseLogger - Using platform encoding (Cp1252 actually) to copy filtered resources, i.e. build is platform dependent!
2026-09-11 12:32:40,038 [Worker-22: Building workspace] INFO  o.e.m.c.i.embedder.EclipseLogger - skip non existing resourceDirectory D:\Rays\WorkSpaces\Interviews\DynamicWeb\src\test\resources
2026-09-11 12:32:50,002 [Worker-22: Building workspace] WARN  o.e.m.c.i.embedder.EclipseLogger - Using platform encoding (Cp1252 actually) to copy filtered resources, i.e. build is platform dependent!
2026-09-11 12:32:50,003 [Worker-22: Building workspace] INFO  o.e.m.c.i.embedder.EclipseLogger - Copying 0 resource
2026-09-11 12:32:50,004 [Worker-22: Building workspace] WARN  o.e.m.c.i.embedder.EclipseLogger - Using platform encoding (Cp1252 actually) to copy filtered resources, i.e. build is platform dependent!
2026-09-11 12:32:50,006 [Worker-22: Building workspace] INFO  o.e.m.c.i.embedder.EclipseLogger - skip non existing resourceDirectory D:\Rays\WorkSpaces\Interviews\DynamicWeb\src\test\resources
2026-09-11 12:33:55,496 [Worker-29: Building workspace] WARN  o.e.m.c.i.embedder.EclipseLogger - Using platform encoding (Cp1252 actually) to copy filtered resources, i.e. build is platform dependent!
2026-09-11 12:33:55,498 [Worker-29: Building workspace] INFO  o.e.m.c.i.embedder.EclipseLogger - Copying 0 resource
2026-09-11 12:33:55,499 [Worker-29: Building workspace] WARN  o.e.m.c.i.embedder.EclipseLogger - Using platform encoding (Cp1252 actually) to copy filtered resources, i.e. build is platform dependent!
2026-09-11 12:33:55,499 [Worker-29: Building workspace] INFO  o.e.m.c.i.embedder.EclipseLogger - skip non existing resourceDirectory D:\Rays\WorkSpaces\Interviews\DynamicWeb\src\test\resources
2026-09-11 12:38:34,449 [Worker-30: Building workspace] WARN  o.e.m.c.i.embedder.EclipseLogger - Using platform encoding (Cp1252 actually) to copy filtered resources, i.e. build is platform dependent!
2026-09-11 12:38:34,451 [Worker-30: Building workspace] INFO  o.e.m.c.i.embedder.EclipseLogger - Copying 0 resource
2026-09-11 12:38:34,453 [Worker-30: Building workspace] WARN  o.e.m.c.i.embedder.EclipseLogger - Using platform encoding (Cp1252 actually) to copy filtered resources, i.e. build is platform dependent!
2026-09-11 12:38:34,454 [Worker-30: Building workspace] INFO  o.e.m.c.i.embedder.EclipseLogger - skip non existing resourceDirectory D:\Rays\WorkSpaces\Interviews\DynamicWeb\src\test\resources
2026-09-11 12:39:53,577 [Worker-30: Building workspace] WARN  o.e.m.c.i.embedder.EclipseLogger - Using platform encoding (Cp1252 actually) to copy filtered resources, i.e. build is platform dependent!
2026-09-11 12:39:53,578 [Worker-30: Building workspace] INFO  o.e.m.c.i.embedder.EclipseLogger - Copying 0 resource
2026-09-11 12:39:53,579 [Worker-30: Building workspace] WARN  o.e.m.c.i.embedder.EclipseLogger - Using platform encoding (Cp1252 actually) to copy filtered resources, i.e. build is platform dependent!
2026-09-11 12:39:53,580 [Worker-30: Building workspace] INFO  o.e.m.c.i.embedder.EclipseLogger - skip non existing resourceDirectory D:\Rays\WorkSpaces\Interviews\DynamicWeb\src\test\resources
2026-09-11 12:40:51,879 [Worker-35: Building workspace] WARN  o.e.m.c.i.embedder.EclipseLogger - Using platform encoding (Cp1252 actually) to copy filtered resources, i.e. build is platform dependent!
2026-09-11 12:40:51,880 [Worker-35: Building workspace] INFO  o.e.m.c.i.embedder.EclipseLogger - Copying 0 resource
2026-09-11 12:40:51,881 [Worker-35: Building workspace] WARN  o.e.m.c.i.embedder.EclipseLogger - Using platform encoding (Cp1252 actually) to copy filtered resources, i.e. build is platform dependent!
2026-09-11 12:40:51,882 [Worker-35: Building workspace] INFO  o.e.m.c.i.embedder.EclipseLogger - skip non existing resourceDirectory D:\Rays\WorkSpaces\Interviews\DynamicWeb\src\test\resources
2026-09-11 12:40:55,803 [Worker-35: Building workspace] WARN  o.e.m.c.i.embedder.EclipseLogger - Using platform encoding (Cp1252 actually) to copy filtered resources, i.e. build is platform dependent!
2026-09-11 12:40:55,805 [Worker-35: Building workspace] INFO  o.e.m.c.i.embedder.EclipseLogger - Copying 0 resource
2026-09-11 12:40:55,807 [Worker-35: Building workspace] WARN  o.e.m.c.i.embedder.EclipseLogger - Using platform encoding (Cp1252 actually) to copy filtered resources, i.e. build is platform dependent!
2026-09-11 12:40:55,808 [Worker-35: Building workspace] INFO  o.e.m.c.i.embedder.EclipseLogger - skip non existing resourceDirectory D:\Rays\WorkSpaces\Interviews\DynamicWeb\src\test\resources
2026-09-11 12:42:06,388 [Worker-30: Building workspace] WARN  o.e.m.c.i.embedder.EclipseLogger - Using platform encoding (Cp1252 actually) to copy filtered resources, i.e. build is platform dependent!
2026-09-11 12:42:06,389 [Worker-30: Building workspace] INFO  o.e.m.c.i.embedder.EclipseLogger - Copying 0 resource
2026-09-11 12:42:06,391 [Worker-30: Building workspace] WARN  o.e.m.c.i.embedder.EclipseLogger - Using platform encoding (Cp1252 actually) to copy filtered resources, i.e. build is platform dependent!
2026-09-11 12:42:06,391 [Worker-30: Building workspace] INFO  o.e.m.c.i.embedder.EclipseLogger - skip non existing resourceDirectory D:\Rays\WorkSpaces\Interviews\DynamicWeb\src\test\resources
2026-09-11 12:43:05,731 [Worker-33: Building workspace] WARN  o.e.m.c.i.embedder.EclipseLogger - Using platform encoding (Cp1252 actually) to copy filtered resources, i.e. build is platform dependent!
2026-09-11 12:43:05,734 [Worker-33: Building workspace] INFO  o.e.m.c.i.embedder.EclipseLogger - Copying 0 resource
2026-09-11 12:43:05,736 [Worker-33: Building workspace] WARN  o.e.m.c.i.embedder.EclipseLogger - Using platform encoding (Cp1252 actually) to copy filtered resources, i.e. build is platform dependent!
2026-09-11 12:43:05,738 [Worker-33: Building workspace] INFO  o.e.m.c.i.embedder.EclipseLogger - skip non existing resourceDirectory D:\Rays\WorkSpaces\Interviews\DynamicWeb\src\test\resources
2026-09-11 12:45:29,802 [Worker-35: Building workspace] WARN  o.e.m.c.i.embedder.EclipseLogger - Using platform encoding (Cp1252 actually) to copy filtered resources, i.e. build is platform dependent!
2026-09-11 12:45:29,804 [Worker-35: Building workspace] INFO  o.e.m.c.i.embedder.EclipseLogger - Copying 0 resource
2026-09-11 12:45:29,805 [Worker-35: Building workspace] WARN  o.e.m.c.i.embedder.EclipseLogger - Using platform encoding (Cp1252 actually) to copy filtered resources, i.e. build is platform dependent!
2026-09-11 12:45:29,806 [Worker-35: Building workspace] INFO  o.e.m.c.i.embedder.EclipseLogger - skip non existing resourceDirectory D:\Rays\WorkSpaces\Interviews\DynamicWeb\src\test\resources
2026-09-11 12:55:01,807 [Worker-39: Building workspace] WARN  o.e.m.c.i.embedder.EclipseLogger - Using platform encoding (Cp1252 actually) to copy filtered resources, i.e. build is platform dependent!
2026-09-11 12:55:01,808 [Worker-39: Building workspace] INFO  o.e.m.c.i.embedder.EclipseLogger - Copying 0 resource
2026-09-11 12:55:01,810 [Worker-39: Building workspace] WARN  o.e.m.c.i.embedder.EclipseLogger - Using platform encoding (Cp1252 actually) to copy filtered resources, i.e. build is platform dependent!
2026-09-11 12:55:01,810 [Worker-39: Building workspace] INFO  o.e.m.c.i.embedder.EclipseLogger - skip non existing resourceDirectory D:\Rays\WorkSpaces\Interviews\DynamicWeb\src\test\resources
2026-09-11 12:55:27,025 [Worker-35: Building workspace] WARN  o.e.m.c.i.embedder.EclipseLogger - Using platform encoding (Cp1252 actually) to copy filtered resources, i.e. build is platform dependent!
2026-09-11 12:55:27,026 [Worker-35: Building workspace] INFO  o.e.m.c.i.embedder.EclipseLogger - Copying 0 resource
2026-09-11 12:55:27,027 [Worker-35: Building workspace] WARN  o.e.m.c.i.embedder.EclipseLogger - Using platform encoding (Cp1252 actually) to copy filtered resources, i.e. build is platform dependent!
2026-09-11 12:55:27,027 [Worker-35: Building workspace] INFO  o.e.m.c.i.embedder.EclipseLogger - skip non existing resourceDirectory D:\Rays\WorkSpaces\Interviews\DynamicWeb\src\test\resources
2026-09-11 12:57:40,274 [Worker-37: Building workspace] WARN  o.e.m.c.i.embedder.EclipseLogger - Using platform encoding (Cp1252 actually) to copy filtered resources, i.e. build is platform dependent!
2026-09-11 12:57:40,275 [Worker-37: Building workspace] INFO  o.e.m.c.i.embedder.EclipseLogger - Copying 0 resource
2026-09-11 12:57:40,276 [Worker-37: Building workspace] WARN  o.e.m.c.i.embedder.EclipseLogger - Using platform encoding (Cp1252 actually) to copy filtered resources, i.e. build is platform dependent!
2026-09-11 12:57:40,277 [Worker-37: Building workspace] INFO  o.e.m.c.i.embedder.EclipseLogger - skip non existing resourceDirectory D:\Rays\WorkSpaces\Interviews\DynamicWeb\src\test\resources
2026-09-11 13:09:45,549 [Worker-45: Building workspace] WARN  o.e.m.c.i.embedder.EclipseLogger - Using platform encoding (Cp1252 actually) to copy filtered resources, i.e. build is platform dependent!
2026-09-11 13:09:45,550 [Worker-45: Building workspace] INFO  o.e.m.c.i.embedder.EclipseLogger - Copying 0 resource
2026-09-11 13:09:45,551 [Worker-45: Building workspace] WARN  o.e.m.c.i.embedder.EclipseLogger - Using platform encoding (Cp1252 actually) to copy filtered resources, i.e. build is platform dependent!
2026-09-11 13:09:45,551 [Worker-45: Building workspace] INFO  o.e.m.c.i.embedder.EclipseLogger - skip non existing resourceDirectory D:\Rays\WorkSpaces\Interviews\DynamicWeb\src\test\resources
2026-09-11 13:10:28,795 [Worker-46: Building workspace] WARN  o.e.m.c.i.embedder.EclipseLogger - Using platform encoding (Cp1252 actually) to copy filtered resources, i.e. build is platform dependent!
2026-09-11 13:10:28,797 [Worker-46: Building workspace] INFO  o.e.m.c.i.embedder.EclipseLogger - Copying 0 resource
2026-09-11 13:10:28,798 [Worker-46: Building workspace] WARN  o.e.m.c.i.embedder.EclipseLogger - Using platform encoding (Cp1252 actually) to copy filtered resources, i.e. build is platform dependent!
2026-09-11 13:10:28,799 [Worker-46: Building workspace] INFO  o.e.m.c.i.embedder.EclipseLogger - skip non existing resourceDirectory D:\Rays\WorkSpaces\Interviews\DynamicWeb\src\test\resources
2026-09-11 13:10:39,166 [Worker-44: Building workspace] WARN  o.e.m.c.i.embedder.EclipseLogger - Using platform encoding (Cp1252 actually) to copy filtered resources, i.e. build is platform dependent!
2026-09-11 13:10:39,167 [Worker-44: Building workspace] INFO  o.e.m.c.i.embedder.EclipseLogger - Copying 0 resource
2026-09-11 13:10:39,168 [Worker-44: Building workspace] WARN  o.e.m.c.i.embedder.EclipseLogger - Using platform encoding (Cp1252 actually) to copy filtered resources, i.e. build is platform dependent!
2026-09-11 13:10:39,169 [Worker-44: Building workspace] INFO  o.e.m.c.i.embedder.EclipseLogger - skip non existing resourceDirectory D:\Rays\WorkSpaces\Interviews\DynamicWeb\src\test\resources
2026-09-11 13:11:06,291 [Worker-37: Building workspace] WARN  o.e.m.c.i.embedder.EclipseLogger - Using platform encoding (Cp1252 actually) to copy filtered resources, i.e. build is platform dependent!
2026-09-11 13:11:06,292 [Worker-37: Building workspace] INFO  o.e.m.c.i.embedder.EclipseLogger - Copying 0 resource
2026-09-11 13:11:06,293 [Worker-37: Building workspace] WARN  o.e.m.c.i.embedder.EclipseLogger - Using platform encoding (Cp1252 actually) to copy filtered resources, i.e. build is platform dependent!
2026-09-11 13:11:06,294 [Worker-37: Building workspace] INFO  o.e.m.c.i.embedder.EclipseLogger - skip non existing resourceDirectory D:\Rays\WorkSpaces\Interviews\DynamicWeb\src\test\resources
2026-09-11 13:25:27,821 [Worker-47: Building workspace] WARN  o.e.m.c.i.embedder.EclipseLogger - Using platform encoding (Cp1252 actually) to copy filtered resources, i.e. build is platform dependent!
2026-09-11 13:25:27,823 [Worker-47: Building workspace] INFO  o.e.m.c.i.embedder.EclipseLogger - Copying 0 resource
2026-09-11 13:25:27,824 [Worker-47: Building workspace] WARN  o.e.m.c.i.embedder.EclipseLogger - Using platform encoding (Cp1252 actually) to copy filtered resources, i.e. build is platform dependent!
2026-09-11 13:25:27,826 [Worker-47: Building workspace] INFO  o.e.m.c.i.embedder.EclipseLogger - skip non existing resourceDirectory D:\Rays\WorkSpaces\Interviews\DynamicWeb\src\test\resources
2026-09-11 13:28:21,223 [Worker-50: Building workspace] WARN  o.e.m.c.i.embedder.EclipseLogger - Using platform encoding (Cp1252 actually) to copy filtered resources, i.e. build is platform dependent!
2026-09-11 13:28:21,224 [Worker-50: Building workspace] INFO  o.e.m.c.i.embedder.EclipseLogger - Copying 0 resource
2026-09-11 13:28:21,226 [Worker-50: Building workspace] WARN  o.e.m.c.i.embedder.EclipseLogger - Using platform encoding (Cp1252 actually) to copy filtered resources, i.e. build is platform dependent!
2026-09-11 13:28:21,227 [Worker-50: Building workspace] INFO  o.e.m.c.i.embedder.EclipseLogger - skip non existing resourceDirectory D:\Rays\WorkSpaces\Interviews\DynamicWeb\src\test\resources
2026-09-11 13:28:37,847 [Worker-47: Building workspace] WARN  o.e.m.c.i.embedder.EclipseLogger - Using platform encoding (Cp1252 actually) to copy filtered resources, i.e. build is platform dependent!
2026-09-11 13:28:37,849 [Worker-47: Building workspace] INFO  o.e.m.c.i.embedder.EclipseLogger - Copying 0 resource
2026-09-11 13:28:37,850 [Worker-47: Building workspace] WARN  o.e.m.c.i.embedder.EclipseLogger - Using platform encoding (Cp1252 actually) to copy filtered resources, i.e. build is platform dependent!
2026-09-11 13:28:37,851 [Worker-47: Building workspace] INFO  o.e.m.c.i.embedder.EclipseLogger - skip non existing resourceDirectory D:\Rays\WorkSpaces\Interviews\DynamicWeb\src\test\resources
2026-09-11 13:29:03,019 [Worker-47: Building workspace] WARN  o.e.m.c.i.embedder.EclipseLogger - Using platform encoding (Cp1252 actually) to copy filtered resources, i.e. build is platform dependent!
2026-09-11 13:29:03,020 [Worker-47: Building workspace] INFO  o.e.m.c.i.embedder.EclipseLogger - Copying 0 resource
2026-09-11 13:29:03,021 [Worker-47: Building workspace] WARN  o.e.m.c.i.embedder.EclipseLogger - Using platform encoding (Cp1252 actually) to copy filtered resources, i.e. build is platform dependent!
2026-09-11 13:29:03,025 [Worker-47: Building workspace] INFO  o.e.m.c.i.embedder.EclipseLogger - skip non existing resourceDirectory D:\Rays\WorkSpaces\Interviews\DynamicWeb\src\test\resources
2026-09-11 13:33:18,587 [Worker-60: Building workspace] WARN  o.e.m.c.i.embedder.EclipseLogger - Using platform encoding (Cp1252 actually) to copy filtered resources, i.e. build is platform dependent!
2026-09-11 13:33:18,589 [Worker-60: Building workspace] INFO  o.e.m.c.i.embedder.EclipseLogger - Copying 0 resource
2026-09-11 13:33:18,590 [Worker-60: Building workspace] WARN  o.e.m.c.i.embedder.EclipseLogger - Using platform encoding (Cp1252 actually) to copy filtered resources, i.e. build is platform dependent!
2026-09-11 13:33:18,590 [Worker-60: Building workspace] INFO  o.e.m.c.i.embedder.EclipseLogger - skip non existing resourceDirectory D:\Rays\WorkSpaces\Interviews\DynamicWeb\src\test\resources
2026-09-11 13:34:19,888 [Worker-58: Building workspace] WARN  o.e.m.c.i.embedder.EclipseLogger - Using platform encoding (Cp1252 actually) to copy filtered resources, i.e. build is platform dependent!
2026-09-11 13:34:19,889 [Worker-58: Building workspace] INFO  o.e.m.c.i.embedder.EclipseLogger - Copying 0 resource
2026-09-11 13:34:19,889 [Worker-58: Building workspace] WARN  o.e.m.c.i.embedder.EclipseLogger - Using platform encoding (Cp1252 actually) to copy filtered resources, i.e. build is platform dependent!
2026-09-11 13:34:19,890 [Worker-58: Building workspace] INFO  o.e.m.c.i.embedder.EclipseLogger - skip non existing resourceDirectory D:\Rays\WorkSpaces\Interviews\DynamicWeb\src\test\resources
2026-09-11 15:18:21,521 [Worker-7: Loading available Gradle versions] INFO  o.e.b.c.i.u.g.PublishedGradleVersions - Gradle version information cache is up-to-date. Trying to read.
2026-09-11 15:18:27,555 [Worker-6: Building workspace] WARN  o.e.m.c.i.embedder.EclipseLogger - Using platform encoding (Cp1252 actually) to copy filtered resources, i.e. build is platform dependent!
2026-09-11 15:18:27,573 [Worker-6: Building workspace] INFO  o.e.m.c.i.embedder.EclipseLogger - Copying 0 resource
2026-09-11 15:18:27,576 [Worker-6: Building workspace] WARN  o.e.m.c.i.embedder.EclipseLogger - Using platform encoding (Cp1252 actually) to copy filtered resources, i.e. build is platform dependent!
2026-09-11 15:18:27,579 [Worker-6: Building workspace] INFO  o.e.m.c.i.embedder.EclipseLogger - skip non existing resourceDirectory D:\Rays\WorkSpaces\Interviews\DynamicWeb\src\test\resources
2026-09-11 15:21:19,014 [Worker-12: Building workspace] WARN  o.e.m.c.i.embedder.EclipseLogger - Using platform encoding (Cp1252 actually) to copy filtered resources, i.e. build is platform dependent!
2026-09-11 15:21:19,021 [Worker-12: Building workspace] INFO  o.e.m.c.i.embedder.EclipseLogger - Copying 0 resource
2026-09-11 15:21:19,024 [Worker-12: Building workspace] WARN  o.e.m.c.i.embedder.EclipseLogger - Using platform encoding (Cp1252 actually) to copy filtered resources, i.e. build is platform dependent!
2026-09-11 15:21:19,025 [Worker-12: Building workspace] INFO  o.e.m.c.i.embedder.EclipseLogger - skip non existing resourceDirectory D:\Rays\WorkSpaces\Interviews\DynamicWeb\src\test\resources
2026-09-11 15:21:37,260 [Worker-14: Building workspace] WARN  o.e.m.c.i.embedder.EclipseLogger - Using platform encoding (Cp1252 actually) to copy filtered resources, i.e. build is platform dependent!
2026-09-11 15:21:37,271 [Worker-14: Building workspace] INFO  o.e.m.c.i.embedder.EclipseLogger - Copying 0 resource
2026-09-11 15:21:37,273 [Worker-14: Building workspace] WARN  o.e.m.c.i.embedder.EclipseLogger - Using platform encoding (Cp1252 actually) to copy filtered resources, i.e. build is platform dependent!
2026-09-11 15:21:37,273 [Worker-14: Building workspace] INFO  o.e.m.c.i.embedder.EclipseLogger - skip non existing resourceDirectory D:\Rays\WorkSpaces\Interviews\DynamicWeb\src\test\resources
2026-09-11 15:22:59,829 [Worker-12: Building workspace] WARN  o.e.m.c.i.embedder.EclipseLogger - Using platform encoding (Cp1252 actually) to copy filtered resources, i.e. build is platform dependent!
2026-09-11 15:22:59,830 [Worker-12: Building workspace] INFO  o.e.m.c.i.embedder.EclipseLogger - Copying 0 resource
2026-09-11 15:22:59,831 [Worker-12: Building workspace] WARN  o.e.m.c.i.embedder.EclipseLogger - Using platform encoding (Cp1252 actually) to copy filtered resources, i.e. build is platform dependent!
2026-09-11 15:22:59,834 [Worker-12: Building workspace] INFO  o.e.m.c.i.embedder.EclipseLogger - skip non existing resourceDirectory D:\Rays\WorkSpaces\Interviews\DynamicWeb\src\test\resources
2026-09-11 15:23:16,772 [Worker-8: Building workspace] WARN  o.e.m.c.i.embedder.EclipseLogger - Using platform encoding (Cp1252 actually) to copy filtered resources, i.e. build is platform dependent!
2026-09-11 15:23:16,774 [Worker-8: Building workspace] INFO  o.e.m.c.i.embedder.EclipseLogger - Copying 0 resource
2026-09-11 15:23:16,775 [Worker-8: Building workspace] WARN  o.e.m.c.i.embedder.EclipseLogger - Using platform encoding (Cp1252 actually) to copy filtered resources, i.e. build is platform dependent!
2026-09-11 15:23:16,776 [Worker-8: Building workspace] INFO  o.e.m.c.i.embedder.EclipseLogger - skip non existing resourceDirectory D:\Rays\WorkSpaces\Interviews\DynamicWeb\src\test\resources
2026-09-11 15:23:57,395 [Worker-14: Building workspace] WARN  o.e.m.c.i.embedder.EclipseLogger - Using platform encoding (Cp1252 actually) to copy filtered resources, i.e. build is platform dependent!
2026-09-11 15:23:57,396 [Worker-14: Building workspace] INFO  o.e.m.c.i.embedder.EclipseLogger - Copying 0 resource
2026-09-11 15:23:57,398 [Worker-14: Building workspace] WARN  o.e.m.c.i.embedder.EclipseLogger - Using platform encoding (Cp1252 actually) to copy filtered resources, i.e. build is platform dependent!
2026-09-11 15:23:57,399 [Worker-14: Building workspace] INFO  o.e.m.c.i.embedder.EclipseLogger - skip non existing resourceDirectory D:\Rays\WorkSpaces\Interviews\DynamicWeb\src\test\resources
2026-09-11 15:27:12,314 [Worker-14: Building workspace] WARN  o.e.m.c.i.embedder.EclipseLogger - Using platform encoding (Cp1252 actually) to copy filtered resources, i.e. build is platform dependent!
2026-09-11 15:27:12,316 [Worker-14: Building workspace] INFO  o.e.m.c.i.embedder.EclipseLogger - Copying 0 resource
2026-09-11 15:27:12,318 [Worker-14: Building workspace] WARN  o.e.m.c.i.embedder.EclipseLogger - Using platform encoding (Cp1252 actually) to copy filtered resources, i.e. build is platform dependent!
2026-09-11 15:27:12,319 [Worker-14: Building workspace] INFO  o.e.m.c.i.embedder.EclipseLogger - skip non existing resourceDirectory D:\Rays\WorkSpaces\Interviews\DynamicWeb\src\test\resources
2026-09-11 15:27:28,881 [Worker-14: Building workspace] WARN  o.e.m.c.i.embedder.EclipseLogger - Using platform encoding (Cp1252 actually) to copy filtered resources, i.e. build is platform dependent!
2026-09-11 15:27:28,882 [Worker-14: Building workspace] INFO  o.e.m.c.i.embedder.EclipseLogger - Copying 0 resource
2026-09-11 15:27:28,888 [Worker-14: Building workspace] WARN  o.e.m.c.i.embedder.EclipseLogger - Using platform encoding (Cp1252 actually) to copy filtered resources, i.e. build is platform dependent!
2026-09-11 15:27:28,889 [Worker-14: Building workspace] INFO  o.e.m.c.i.embedder.EclipseLogger - skip non existing resourceDirectory D:\Rays\WorkSpaces\Interviews\DynamicWeb\src\test\resources
2026-09-11 15:27:33,660 [Worker-22: Building workspace] WARN  o.e.m.c.i.embedder.EclipseLogger - Using platform encoding (Cp1252 actually) to copy filtered resources, i.e. build is platform dependent!
2026-09-11 15:27:33,662 [Worker-22: Building workspace] INFO  o.e.m.c.i.embedder.EclipseLogger - Copying 0 resource
2026-09-11 15:27:33,663 [Worker-22: Building workspace] WARN  o.e.m.c.i.embedder.EclipseLogger - Using platform encoding (Cp1252 actually) to copy filtered resources, i.e. build is platform dependent!
2026-09-11 15:27:33,664 [Worker-22: Building workspace] INFO  o.e.m.c.i.embedder.EclipseLogger - skip non existing resourceDirectory D:\Rays\WorkSpaces\Interviews\DynamicWeb\src\test\resources
2026-09-11 15:27:41,099 [Worker-17: Building workspace] WARN  o.e.m.c.i.embedder.EclipseLogger - Using platform encoding (Cp1252 actually) to copy filtered resources, i.e. build is platform dependent!
2026-09-11 15:27:41,101 [Worker-17: Building workspace] INFO  o.e.m.c.i.embedder.EclipseLogger - Copying 0 resource
2026-09-11 15:27:41,102 [Worker-17: Building workspace] WARN  o.e.m.c.i.embedder.EclipseLogger - Using platform encoding (Cp1252 actually) to copy filtered resources, i.e. build is platform dependent!
2026-09-11 15:27:41,102 [Worker-17: Building workspace] INFO  o.e.m.c.i.embedder.EclipseLogger - skip non existing resourceDirectory D:\Rays\WorkSpaces\Interviews\DynamicWeb\src\test\resources
2026-09-11 15:28:53,135 [Worker-20: Building workspace] WARN  o.e.m.c.i.embedder.EclipseLogger - Using platform encoding (Cp1252 actually) to copy filtered resources, i.e. build is platform dependent!
2026-09-11 15:28:53,137 [Worker-20: Building workspace] INFO  o.e.m.c.i.embedder.EclipseLogger - Copying 0 resource
2026-09-11 15:28:53,138 [Worker-20: Building workspace] WARN  o.e.m.c.i.embedder.EclipseLogger - Using platform encoding (Cp1252 actually) to copy filtered resources, i.e. build is platform dependent!
2026-09-11 15:28:53,139 [Worker-20: Building workspace] INFO  o.e.m.c.i.embedder.EclipseLogger - skip non existing resourceDirectory D:\Rays\WorkSpaces\Interviews\DynamicWeb\src\test\resources
2026-09-11 18:20:13,853 [Worker-0: Loading available Gradle versions] INFO  o.e.b.c.i.u.g.PublishedGradleVersions - Gradle version information cache is up-to-date. Trying to read.
2026-09-11 18:20:25,959 [Worker-8: Building workspace] WARN  o.e.m.c.i.embedder.EclipseLogger - Using platform encoding (Cp1252 actually) to copy filtered resources, i.e. build is platform dependent!
2026-09-11 18:20:25,969 [Worker-8: Building workspace] INFO  o.e.m.c.i.embedder.EclipseLogger - Copying 0 resource
2026-09-11 18:20:25,973 [Worker-8: Building workspace] WARN  o.e.m.c.i.embedder.EclipseLogger - Using platform encoding (Cp1252 actually) to copy filtered resources, i.e. build is platform dependent!
2026-09-11 18:20:25,975 [Worker-8: Building workspace] INFO  o.e.m.c.i.embedder.EclipseLogger - skip non existing resourceDirectory D:\Rays\WorkSpaces\Interviews\DynamicWeb\src\test\resources
2026-09-13 18:54:01,343 [Worker-7: Loading available Gradle versions] INFO  o.e.b.c.i.u.g.PublishedGradleVersions - Gradle version information cache is out-of-date. Trying to update.
2026-09-13 18:54:05,187 [Worker-6: Building workspace] WARN  o.e.m.c.i.embedder.EclipseLogger - Using platform encoding (Cp1252 actually) to copy filtered resources, i.e. build is platform dependent!
2026-09-13 18:54:05,197 [Worker-6: Building workspace] INFO  o.e.m.c.i.embedder.EclipseLogger - Copying 0 resource
2026-09-13 18:54:05,199 [Worker-6: Building workspace] WARN  o.e.m.c.i.embedder.EclipseLogger - Using platform encoding (Cp1252 actually) to copy filtered resources, i.e. build is platform dependent!
2026-09-13 18:54:05,200 [Worker-6: Building workspace] INFO  o.e.m.c.i.embedder.EclipseLogger - skip non existing resourceDirectory D:\Rays\WorkSpaces\Interviews\DynamicWeb\src\test\resources
2026-09-14 13:20:14,477 [Worker-6: Loading available Gradle versions] INFO  o.e.b.c.i.u.g.PublishedGradleVersions - Gradle version information cache is up-to-date. Trying to read.
2026-09-14 13:20:17,943 [Worker-2: Building workspace] WARN  o.e.m.c.i.embedder.EclipseLogger - Using platform encoding (Cp1252 actually) to copy filtered resources, i.e. build is platform dependent!
2026-09-14 13:20:17,949 [Worker-2: Building workspace] INFO  o.e.m.c.i.embedder.EclipseLogger - Copying 0 resource
2026-09-14 13:20:17,951 [Worker-2: Building workspace] WARN  o.e.m.c.i.embedder.EclipseLogger - Using platform encoding (Cp1252 actually) to copy filtered resources, i.e. build is platform dependent!
2026-09-14 13:20:17,952 [Worker-2: Building workspace] INFO  o.e.m.c.i.embedder.EclipseLogger - skip non existing resourceDirectory D:\Rays\WorkSpaces\Interviews\DynamicWeb\src\test\resources
2026-09-14 13:24:14,462 [Worker-0: Building workspace] WARN  o.e.m.c.i.embedder.EclipseLogger - Using platform encoding (Cp1252 actually) to copy filtered resources, i.e. build is platform dependent!
2026-09-14 13:24:16,243 [Worker-0: Building workspace] INFO  o.e.m.c.i.embedder.EclipseLogger - Copying 0 resource
2026-09-14 13:24:16,246 [Worker-0: Building workspace] WARN  o.e.m.c.i.embedder.EclipseLogger - Using platform encoding (Cp1252 actually) to copy filtered resources, i.e. build is platform dependent!
2026-09-14 13:24:16,248 [Worker-0: Building workspace] INFO  o.e.m.c.i.embedder.EclipseLogger - skip non existing resourceDirectory D:\Rays\WorkSpaces\Interviews\DynamicWeb\src\test\resources
2026-09-14 13:24:25,189 [Worker-16: Building workspace] WARN  o.e.m.c.i.embedder.EclipseLogger - Using platform encoding (Cp1252 actually) to copy filtered resources, i.e. build is platform dependent!
2026-09-14 13:24:25,190 [Worker-16: Building workspace] INFO  o.e.m.c.i.embedder.EclipseLogger - Copying 0 resource
2026-09-14 13:24:25,192 [Worker-16: Building workspace] WARN  o.e.m.c.i.embedder.EclipseLogger - Using platform encoding (Cp1252 actually) to copy filtered resources, i.e. build is platform dependent!
2026-09-14 13:24:25,194 [Worker-16: Building workspace] INFO  o.e.m.c.i.embedder.EclipseLogger - skip non existing resourceDirectory D:\Rays\WorkSpaces\Interviews\DynamicWeb\src\test\resources
2026-09-14 13:24:30,941 [Worker-0: Building workspace] WARN  o.e.m.c.i.embedder.EclipseLogger - Using platform encoding (Cp1252 actually) to copy filtered resources, i.e. build is platform dependent!
2026-09-14 13:24:30,943 [Worker-0: Building workspace] INFO  o.e.m.c.i.embedder.EclipseLogger - Copying 0 resource
2026-09-14 13:24:30,945 [Worker-0: Building workspace] WARN  o.e.m.c.i.embedder.EclipseLogger - Using platform encoding (Cp1252 actually) to copy filtered resources, i.e. build is platform dependent!
2026-09-14 13:24:30,946 [Worker-0: Building workspace] INFO  o.e.m.c.i.embedder.EclipseLogger - skip non existing resourceDirectory D:\Rays\WorkSpaces\Interviews\DynamicWeb\src\test\resources
2026-09-14 13:24:37,971 [Worker-19: Building workspace] WARN  o.e.m.c.i.embedder.EclipseLogger - Using platform encoding (Cp1252 actually) to copy filtered resources, i.e. build is platform dependent!
2026-09-14 13:24:37,973 [Worker-19: Building workspace] INFO  o.e.m.c.i.embedder.EclipseLogger - Copying 0 resource
2026-09-14 13:24:37,975 [Worker-19: Building workspace] WARN  o.e.m.c.i.embedder.EclipseLogger - Using platform encoding (Cp1252 actually) to copy filtered resources, i.e. build is platform dependent!
2026-09-14 13:24:37,976 [Worker-19: Building workspace] INFO  o.e.m.c.i.embedder.EclipseLogger - skip non existing resourceDirectory D:\Rays\WorkSpaces\Interviews\DynamicWeb\src\test\resources
2026-09-14 13:25:53,382 [Worker-19: Building workspace] WARN  o.e.m.c.i.embedder.EclipseLogger - Using platform encoding (Cp1252 actually) to copy filtered resources, i.e. build is platform dependent!
2026-09-14 13:25:53,384 [Worker-19: Building workspace] INFO  o.e.m.c.i.embedder.EclipseLogger - Copying 0 resource
2026-09-14 13:25:53,385 [Worker-19: Building workspace] WARN  o.e.m.c.i.embedder.EclipseLogger - Using platform encoding (Cp1252 actually) to copy filtered resources, i.e. build is platform dependent!
2026-09-14 13:25:53,386 [Worker-19: Building workspace] INFO  o.e.m.c.i.embedder.EclipseLogger - skip non existing resourceDirectory D:\Rays\WorkSpaces\Interviews\DynamicWeb\src\test\resources
2026-09-14 13:36:28,613 [Worker-19: Building workspace] WARN  o.e.m.c.i.embedder.EclipseLogger - Using platform encoding (Cp1252 actually) to copy filtered resources, i.e. build is platform dependent!
2026-09-14 13:36:28,615 [Worker-19: Building workspace] INFO  o.e.m.c.i.embedder.EclipseLogger - Copying 0 resource
2026-09-14 13:36:28,616 [Worker-19: Building workspace] WARN  o.e.m.c.i.embedder.EclipseLogger - Using platform encoding (Cp1252 actually) to copy filtered resources, i.e. build is platform dependent!
2026-09-14 13:36:28,617 [Worker-19: Building workspace] INFO  o.e.m.c.i.embedder.EclipseLogger - skip non existing resourceDirectory D:\Rays\WorkSpaces\Interviews\DynamicWeb\src\test\resources
2026-09-14 13:37:06,730 [Worker-25: Building workspace] WARN  o.e.m.c.i.embedder.EclipseLogger - Using platform encoding (Cp1252 actually) to copy filtered resources, i.e. build is platform dependent!
2026-09-14 13:37:06,732 [Worker-25: Building workspace] INFO  o.e.m.c.i.embedder.EclipseLogger - Copying 0 resource
2026-09-14 13:37:06,736 [Worker-25: Building workspace] WARN  o.e.m.c.i.embedder.EclipseLogger - Using platform encoding (Cp1252 actually) to copy filtered resources, i.e. build is platform dependent!
2026-09-14 13:37:06,737 [Worker-25: Building workspace] INFO  o.e.m.c.i.embedder.EclipseLogger - skip non existing resourceDirectory D:\Rays\WorkSpaces\Interviews\DynamicWeb\src\test\resources
2026-09-14 13:37:10,491 [Worker-19: Building workspace] WARN  o.e.m.c.i.embedder.EclipseLogger - Using platform encoding (Cp1252 actually) to copy filtered resources, i.e. build is platform dependent!
2026-09-14 13:37:10,493 [Worker-19: Building workspace] INFO  o.e.m.c.i.embedder.EclipseLogger - Copying 0 resource
2026-09-14 13:37:10,495 [Worker-19: Building workspace] WARN  o.e.m.c.i.embedder.EclipseLogger - Using platform encoding (Cp1252 actually) to copy filtered resources, i.e. build is platform dependent!
2026-09-14 13:37:10,496 [Worker-19: Building workspace] INFO  o.e.m.c.i.embedder.EclipseLogger - skip non existing resourceDirectory D:\Rays\WorkSpaces\Interviews\DynamicWeb\src\test\resources
2026-09-14 13:37:34,478 [Worker-22: Building workspace] WARN  o.e.m.c.i.embedder.EclipseLogger - Using platform encoding (Cp1252 actually) to copy filtered resources, i.e. build is platform dependent!
2026-09-14 13:37:34,479 [Worker-22: Building workspace] INFO  o.e.m.c.i.embedder.EclipseLogger - Copying 0 resource
2026-09-14 13:37:34,482 [Worker-22: Building workspace] WARN  o.e.m.c.i.embedder.EclipseLogger - Using platform encoding (Cp1252 actually) to copy filtered resources, i.e. build is platform dependent!
2026-09-14 13:37:34,483 [Worker-22: Building workspace] INFO  o.e.m.c.i.embedder.EclipseLogger - skip non existing resourceDirectory D:\Rays\WorkSpaces\Interviews\DynamicWeb\src\test\resources
2026-09-14 13:37:39,863 [Worker-20: Building workspace] WARN  o.e.m.c.i.embedder.EclipseLogger - Using platform encoding (Cp1252 actually) to copy filtered resources, i.e. build is platform dependent!
2026-09-14 13:37:39,865 [Worker-20: Building workspace] INFO  o.e.m.c.i.embedder.EclipseLogger - Copying 0 resource
2026-09-14 13:37:39,866 [Worker-20: Building workspace] WARN  o.e.m.c.i.embedder.EclipseLogger - Using platform encoding (Cp1252 actually) to copy filtered resources, i.e. build is platform dependent!
2026-09-14 13:37:39,867 [Worker-20: Building workspace] INFO  o.e.m.c.i.embedder.EclipseLogger - skip non existing resourceDirectory D:\Rays\WorkSpaces\Interviews\DynamicWeb\src\test\resources
2026-09-14 13:38:12,388 [Worker-21: Building workspace] WARN  o.e.m.c.i.embedder.EclipseLogger - Using platform encoding (Cp1252 actually) to copy filtered resources, i.e. build is platform dependent!
2026-09-14 13:38:12,398 [Worker-21: Building workspace] INFO  o.e.m.c.i.embedder.EclipseLogger - Copying 0 resource
2026-09-14 13:38:12,400 [Worker-21: Building workspace] WARN  o.e.m.c.i.embedder.EclipseLogger - Using platform encoding (Cp1252 actually) to copy filtered resources, i.e. build is platform dependent!
2026-09-14 13:38:12,401 [Worker-21: Building workspace] INFO  o.e.m.c.i.embedder.EclipseLogger - skip non existing resourceDirectory D:\Rays\WorkSpaces\Interviews\DynamicWeb\src\test\resources
2026-09-14 13:57:48,044 [Worker-30: Building workspace] WARN  o.e.m.c.i.embedder.EclipseLogger - Using platform encoding (Cp1252 actually) to copy filtered resources, i.e. build is platform dependent!
2026-09-14 13:57:48,046 [Worker-30: Building workspace] INFO  o.e.m.c.i.embedder.EclipseLogger - Copying 0 resource
2026-09-14 13:57:48,048 [Worker-30: Building workspace] WARN  o.e.m.c.i.embedder.EclipseLogger - Using platform encoding (Cp1252 actually) to copy filtered resources, i.e. build is platform dependent!
2026-09-14 13:57:48,050 [Worker-30: Building workspace] INFO  o.e.m.c.i.embedder.EclipseLogger - skip non existing resourceDirectory D:\Rays\WorkSpaces\Interviews\DynamicWeb\src\test\resources
2026-09-14 22:14:46,421 [Worker-0: Loading available Gradle versions] INFO  o.e.b.c.i.u.g.PublishedGradleVersions - Gradle version information cache is out-of-date. Trying to update.
2026-09-14 22:15:02,731 [Worker-7: Building workspace] WARN  o.e.m.c.i.embedder.EclipseLogger - Using platform encoding (Cp1252 actually) to copy filtered resources, i.e. build is platform dependent!
2026-09-14 22:15:02,768 [Worker-7: Building workspace] INFO  o.e.m.c.i.embedder.EclipseLogger - Copying 0 resource
2026-09-14 22:15:02,781 [Worker-7: Building workspace] WARN  o.e.m.c.i.embedder.EclipseLogger - Using platform encoding (Cp1252 actually) to copy filtered resources, i.e. build is platform dependent!
2026-09-14 22:15:02,788 [Worker-7: Building workspace] INFO  o.e.m.c.i.embedder.EclipseLogger - skip non existing resourceDirectory D:\Rays\WorkSpaces\Interviews\DynamicWeb\src\test\resources
2026-09-15 00:56:54,179 [Worker-47: Building workspace] WARN  o.e.m.c.i.embedder.EclipseLogger - Using platform encoding (Cp1252 actually) to copy filtered resources, i.e. build is platform dependent!
2026-09-15 00:56:56,223 [Worker-47: Building workspace] INFO  o.e.m.c.i.embedder.EclipseLogger - Copying 0 resource
2026-09-15 00:56:56,226 [Worker-47: Building workspace] WARN  o.e.m.c.i.embedder.EclipseLogger - Using platform encoding (Cp1252 actually) to copy filtered resources, i.e. build is platform dependent!
2026-09-15 00:56:56,227 [Worker-47: Building workspace] INFO  o.e.m.c.i.embedder.EclipseLogger - skip non existing resourceDirectory D:\Rays\WorkSpaces\Interviews\DynamicWeb\src\test\resources
2026-09-15 01:00:18,138 [Worker-47: Building workspace] WARN  o.e.m.c.i.embedder.EclipseLogger - Using platform encoding (Cp1252 actually) to copy filtered resources, i.e. build is platform dependent!
2026-09-15 01:00:18,140 [Worker-47: Building workspace] INFO  o.e.m.c.i.embedder.EclipseLogger - Copying 0 resource
2026-09-15 01:00:18,143 [Worker-47: Building workspace] WARN  o.e.m.c.i.embedder.EclipseLogger - Using platform encoding (Cp1252 actually) to copy filtered resources, i.e. build is platform dependent!
2026-09-15 01:00:18,144 [Worker-47: Building workspace] INFO  o.e.m.c.i.embedder.EclipseLogger - skip non existing resourceDirectory D:\Rays\WorkSpaces\Interviews\DynamicWeb\src\test\resources
2026-09-15 01:01:07,911 [Worker-49: Building workspace] WARN  o.e.m.c.i.embedder.EclipseLogger - Using platform encoding (Cp1252 actually) to copy filtered resources, i.e. build is platform dependent!
2026-09-15 01:01:07,912 [Worker-49: Building workspace] INFO  o.e.m.c.i.embedder.EclipseLogger - Copying 0 resource
2026-09-15 01:01:07,914 [Worker-49: Building workspace] WARN  o.e.m.c.i.embedder.EclipseLogger - Using platform encoding (Cp1252 actually) to copy filtered resources, i.e. build is platform dependent!
2026-09-15 01:01:07,914 [Worker-49: Building workspace] INFO  o.e.m.c.i.embedder.EclipseLogger - skip non existing resourceDirectory D:\Rays\WorkSpaces\Interviews\DynamicWeb\src\test\resources
2026-09-15 01:01:42,530 [Worker-48: Building workspace] WARN  o.e.m.c.i.embedder.EclipseLogger - Using platform encoding (Cp1252 actually) to copy filtered resources, i.e. build is platform dependent!
2026-09-15 01:01:42,531 [Worker-48: Building workspace] INFO  o.e.m.c.i.embedder.EclipseLogger - Copying 0 resource
2026-09-15 01:01:42,533 [Worker-48: Building workspace] WARN  o.e.m.c.i.embedder.EclipseLogger - Using platform encoding (Cp1252 actually) to copy filtered resources, i.e. build is platform dependent!
2026-09-15 01:01:42,534 [Worker-48: Building workspace] INFO  o.e.m.c.i.embedder.EclipseLogger - skip non existing resourceDirectory D:\Rays\WorkSpaces\Interviews\DynamicWeb\src\test\resources
2026-09-15 01:01:56,824 [Worker-42: Building workspace] WARN  o.e.m.c.i.embedder.EclipseLogger - Using platform encoding (Cp1252 actually) to copy filtered resources, i.e. build is platform dependent!
2026-09-15 01:01:56,826 [Worker-42: Building workspace] INFO  o.e.m.c.i.embedder.EclipseLogger - Copying 0 resource
2026-09-15 01:01:56,827 [Worker-42: Building workspace] WARN  o.e.m.c.i.embedder.EclipseLogger - Using platform encoding (Cp1252 actually) to copy filtered resources, i.e. build is platform dependent!
2026-09-15 01:01:56,828 [Worker-42: Building workspace] INFO  o.e.m.c.i.embedder.EclipseLogger - skip non existing resourceDirectory D:\Rays\WorkSpaces\Interviews\DynamicWeb\src\test\resources
2026-09-15 01:02:36,628 [Worker-47: Building workspace] WARN  o.e.m.c.i.embedder.EclipseLogger - Using platform encoding (Cp1252 actually) to copy filtered resources, i.e. build is platform dependent!
2026-09-15 01:02:36,629 [Worker-47: Building workspace] INFO  o.e.m.c.i.embedder.EclipseLogger - Copying 0 resource
2026-09-15 01:02:36,631 [Worker-47: Building workspace] WARN  o.e.m.c.i.embedder.EclipseLogger - Using platform encoding (Cp1252 actually) to copy filtered resources, i.e. build is platform dependent!
2026-09-15 01:02:36,632 [Worker-47: Building workspace] INFO  o.e.m.c.i.embedder.EclipseLogger - skip non existing resourceDirectory D:\Rays\WorkSpaces\Interviews\DynamicWeb\src\test\resources
2026-09-15 01:02:51,103 [Worker-51: Building workspace] WARN  o.e.m.c.i.embedder.EclipseLogger - Using platform encoding (Cp1252 actually) to copy filtered resources, i.e. build is platform dependent!
2026-09-15 01:02:51,106 [Worker-51: Building workspace] INFO  o.e.m.c.i.embedder.EclipseLogger - Copying 0 resource
2026-09-15 01:02:51,108 [Worker-51: Building workspace] WARN  o.e.m.c.i.embedder.EclipseLogger - Using platform encoding (Cp1252 actually) to copy filtered resources, i.e. build is platform dependent!
2026-09-15 01:02:51,109 [Worker-51: Building workspace] INFO  o.e.m.c.i.embedder.EclipseLogger - skip non existing resourceDirectory D:\Rays\WorkSpaces\Interviews\DynamicWeb\src\test\resources
2026-09-15 01:10:22,154 [Worker-52: Building workspace] WARN  o.e.m.c.i.embedder.EclipseLogger - Using platform encoding (Cp1252 actually) to copy filtered resources, i.e. build is platform dependent!
2026-09-15 01:10:22,155 [Worker-52: Building workspace] INFO  o.e.m.c.i.embedder.EclipseLogger - Copying 0 resource
2026-09-15 01:10:22,158 [Worker-52: Building workspace] WARN  o.e.m.c.i.embedder.EclipseLogger - Using platform encoding (Cp1252 actually) to copy filtered resources, i.e. build is platform dependent!
2026-09-15 01:10:22,158 [Worker-52: Building workspace] INFO  o.e.m.c.i.embedder.EclipseLogger - skip non existing resourceDirectory D:\Rays\WorkSpaces\Interviews\DynamicWeb\src\test\resources
2026-09-15 01:18:18,364 [Worker-52: Building workspace] WARN  o.e.m.c.i.embedder.EclipseLogger - Using platform encoding (Cp1252 actually) to copy filtered resources, i.e. build is platform dependent!
2026-09-15 01:18:18,366 [Worker-52: Building workspace] INFO  o.e.m.c.i.embedder.EclipseLogger - Copying 0 resource
2026-09-15 01:18:18,367 [Worker-52: Building workspace] WARN  o.e.m.c.i.embedder.EclipseLogger - Using platform encoding (Cp1252 actually) to copy filtered resources, i.e. build is platform dependent!
2026-09-15 01:18:18,368 [Worker-52: Building workspace] INFO  o.e.m.c.i.embedder.EclipseLogger - skip non existing resourceDirectory D:\Rays\WorkSpaces\Interviews\DynamicWeb\src\test\resources
2026-09-15 01:20:30,743 [Worker-52: Building workspace] WARN  o.e.m.c.i.embedder.EclipseLogger - Using platform encoding (Cp1252 actually) to copy filtered resources, i.e. build is platform dependent!
2026-09-15 01:20:30,745 [Worker-52: Building workspace] INFO  o.e.m.c.i.embedder.EclipseLogger - Copying 0 resource
2026-09-15 01:20:30,747 [Worker-52: Building workspace] WARN  o.e.m.c.i.embedder.EclipseLogger - Using platform encoding (Cp1252 actually) to copy filtered resources, i.e. build is platform dependent!
2026-09-15 01:20:30,748 [Worker-52: Building workspace] INFO  o.e.m.c.i.embedder.EclipseLogger - skip non existing resourceDirectory D:\Rays\WorkSpaces\Interviews\DynamicWeb\src\test\resources
2026-09-15 01:20:47,251 [Worker-57: Building workspace] WARN  o.e.m.c.i.embedder.EclipseLogger - Using platform encoding (Cp1252 actually) to copy filtered resources, i.e. build is platform dependent!
2026-09-15 01:20:47,252 [Worker-57: Building workspace] INFO  o.e.m.c.i.embedder.EclipseLogger - Copying 0 resource
2026-09-15 01:20:47,253 [Worker-57: Building workspace] WARN  o.e.m.c.i.embedder.EclipseLogger - Using platform encoding (Cp1252 actually) to copy filtered resources, i.e. build is platform dependent!
2026-09-15 01:20:47,254 [Worker-57: Building workspace] INFO  o.e.m.c.i.embedder.EclipseLogger - skip non existing resourceDirectory D:\Rays\WorkSpaces\Interviews\DynamicWeb\src\test\resources
2026-09-15 01:21:01,243 [Worker-61: Building workspace] WARN  o.e.m.c.i.embedder.EclipseLogger - Using platform encoding (Cp1252 actually) to copy filtered resources, i.e. build is platform dependent!
2026-09-15 01:21:01,245 [Worker-61: Building workspace] INFO  o.e.m.c.i.embedder.EclipseLogger - Copying 0 resource
2026-09-15 01:21:01,247 [Worker-61: Building workspace] WARN  o.e.m.c.i.embedder.EclipseLogger - Using platform encoding (Cp1252 actually) to copy filtered resources, i.e. build is platform dependent!
2026-09-15 01:21:01,247 [Worker-61: Building workspace] INFO  o.e.m.c.i.embedder.EclipseLogger - skip non existing resourceDirectory D:\Rays\WorkSpaces\Interviews\DynamicWeb\src\test\resources
2026-09-15 01:21:05,664 [Worker-59: Building workspace] WARN  o.e.m.c.i.embedder.EclipseLogger - Using platform encoding (Cp1252 actually) to copy filtered resources, i.e. build is platform dependent!
2026-09-15 01:21:05,665 [Worker-59: Building workspace] INFO  o.e.m.c.i.embedder.EclipseLogger - Copying 0 resource
2026-09-15 01:21:05,666 [Worker-59: Building workspace] WARN  o.e.m.c.i.embedder.EclipseLogger - Using platform encoding (Cp1252 actually) to copy filtered resources, i.e. build is platform dependent!
2026-09-15 01:21:05,667 [Worker-59: Building workspace] INFO  o.e.m.c.i.embedder.EclipseLogger - skip non existing resourceDirectory D:\Rays\WorkSpaces\Interviews\DynamicWeb\src\test\resources
2026-09-15 01:21:57,179 [Worker-52: Building workspace] WARN  o.e.m.c.i.embedder.EclipseLogger - Using platform encoding (Cp1252 actually) to copy filtered resources, i.e. build is platform dependent!
2026-09-15 01:21:57,180 [Worker-52: Building workspace] INFO  o.e.m.c.i.embedder.EclipseLogger - Copying 0 resource
2026-09-15 01:21:57,181 [Worker-52: Building workspace] WARN  o.e.m.c.i.embedder.EclipseLogger - Using platform encoding (Cp1252 actually) to copy filtered resources, i.e. build is platform dependent!
2026-09-15 01:21:57,182 [Worker-52: Building workspace] INFO  o.e.m.c.i.embedder.EclipseLogger - skip non existing resourceDirectory D:\Rays\WorkSpaces\Interviews\DynamicWeb\src\test\resources
2026-09-15 01:22:03,379 [Worker-60: Building workspace] WARN  o.e.m.c.i.embedder.EclipseLogger - Using platform encoding (Cp1252 actually) to copy filtered resources, i.e. build is platform dependent!
2026-09-15 01:22:03,380 [Worker-60: Building workspace] INFO  o.e.m.c.i.embedder.EclipseLogger - Copying 0 resource
2026-09-15 01:22:03,382 [Worker-60: Building workspace] WARN  o.e.m.c.i.embedder.EclipseLogger - Using platform encoding (Cp1252 actually) to copy filtered resources, i.e. build is platform dependent!
2026-09-15 01:22:03,383 [Worker-60: Building workspace] INFO  o.e.m.c.i.embedder.EclipseLogger - skip non existing resourceDirectory D:\Rays\WorkSpaces\Interviews\DynamicWeb\src\test\resources
2026-09-15 01:22:06,972 [Worker-59: Building workspace] WARN  o.e.m.c.i.embedder.EclipseLogger - Using platform encoding (Cp1252 actually) to copy filtered resources, i.e. build is platform dependent!
2026-09-15 01:22:06,974 [Worker-59: Building workspace] INFO  o.e.m.c.i.embedder.EclipseLogger - Copying 0 resource
2026-09-15 01:22:06,976 [Worker-59: Building workspace] WARN  o.e.m.c.i.embedder.EclipseLogger - Using platform encoding (Cp1252 actually) to copy filtered resources, i.e. build is platform dependent!
2026-09-15 01:22:06,977 [Worker-59: Building workspace] INFO  o.e.m.c.i.embedder.EclipseLogger - skip non existing resourceDirectory D:\Rays\WorkSpaces\Interviews\DynamicWeb\src\test\resources
2026-09-15 01:22:14,170 [Worker-64: Building workspace] WARN  o.e.m.c.i.embedder.EclipseLogger - Using platform encoding (Cp1252 actually) to copy filtered resources, i.e. build is platform dependent!
2026-09-15 01:22:14,172 [Worker-64: Building workspace] INFO  o.e.m.c.i.embedder.EclipseLogger - Copying 0 resource
2026-09-15 01:22:14,173 [Worker-64: Building workspace] WARN  o.e.m.c.i.embedder.EclipseLogger - Using platform encoding (Cp1252 actually) to copy filtered resources, i.e. build is platform dependent!
2026-09-15 01:22:14,173 [Worker-64: Building workspace] INFO  o.e.m.c.i.embedder.EclipseLogger - skip non existing resourceDirectory D:\Rays\WorkSpaces\Interviews\DynamicWeb\src\test\resources
2026-09-15 01:22:26,043 [Worker-52: Building workspace] WARN  o.e.m.c.i.embedder.EclipseLogger - Using platform encoding (Cp1252 actually) to copy filtered resources, i.e. build is platform dependent!
2026-09-15 01:22:26,044 [Worker-52: Building workspace] INFO  o.e.m.c.i.embedder.EclipseLogger - Copying 0 resource
2026-09-15 01:22:26,046 [Worker-52: Building workspace] WARN  o.e.m.c.i.embedder.EclipseLogger - Using platform encoding (Cp1252 actually) to copy filtered resources, i.e. build is platform dependent!
2026-09-15 01:22:26,048 [Worker-52: Building workspace] INFO  o.e.m.c.i.embedder.EclipseLogger - skip non existing resourceDirectory D:\Rays\WorkSpaces\Interviews\DynamicWeb\src\test\resources
2026-09-15 01:22:41,236 [Worker-57: Building workspace] WARN  o.e.m.c.i.embedder.EclipseLogger - Using platform encoding (Cp1252 actually) to copy filtered resources, i.e. build is platform dependent!
2026-09-15 01:22:41,237 [Worker-57: Building workspace] INFO  o.e.m.c.i.embedder.EclipseLogger - Copying 0 resource
2026-09-15 01:22:41,238 [Worker-57: Building workspace] WARN  o.e.m.c.i.embedder.EclipseLogger - Using platform encoding (Cp1252 actually) to copy filtered resources, i.e. build is platform dependent!
2026-09-15 01:22:41,239 [Worker-57: Building workspace] INFO  o.e.m.c.i.embedder.EclipseLogger - skip non existing resourceDirectory D:\Rays\WorkSpaces\Interviews\DynamicWeb\src\test\resources
2026-09-15 01:22:43,332 [Worker-63: Building workspace] WARN  o.e.m.c.i.embedder.EclipseLogger - Using platform encoding (Cp1252 actually) to copy filtered resources, i.e. build is platform dependent!
2026-09-15 01:22:43,334 [Worker-63: Building workspace] INFO  o.e.m.c.i.embedder.EclipseLogger - Copying 0 resource
2026-09-15 01:22:43,347 [Worker-63: Building workspace] WARN  o.e.m.c.i.embedder.EclipseLogger - Using platform encoding (Cp1252 actually) to copy filtered resources, i.e. build is platform dependent!
2026-09-15 01:22:43,348 [Worker-63: Building workspace] INFO  o.e.m.c.i.embedder.EclipseLogger - skip non existing resourceDirectory D:\Rays\WorkSpaces\Interviews\DynamicWeb\src\test\resources
2026-09-15 01:23:15,483 [Worker-61: Building workspace] WARN  o.e.m.c.i.embedder.EclipseLogger - Using platform encoding (Cp1252 actually) to copy filtered resources, i.e. build is platform dependent!
2026-09-15 01:23:15,484 [Worker-61: Building workspace] INFO  o.e.m.c.i.embedder.EclipseLogger - Copying 0 resource
2026-09-15 01:23:15,485 [Worker-61: Building workspace] WARN  o.e.m.c.i.embedder.EclipseLogger - Using platform encoding (Cp1252 actually) to copy filtered resources, i.e. build is platform dependent!
2026-09-15 01:23:15,486 [Worker-61: Building workspace] INFO  o.e.m.c.i.embedder.EclipseLogger - skip non existing resourceDirectory D:\Rays\WorkSpaces\Interviews\DynamicWeb\src\test\resources
2026-09-15 01:23:37,142 [Worker-60: Building workspace] WARN  o.e.m.c.i.embedder.EclipseLogger - Using platform encoding (Cp1252 actually) to copy filtered resources, i.e. build is platform dependent!
2026-09-15 01:23:37,143 [Worker-60: Building workspace] INFO  o.e.m.c.i.embedder.EclipseLogger - Copying 0 resource
2026-09-15 01:23:37,144 [Worker-60: Building workspace] WARN  o.e.m.c.i.embedder.EclipseLogger - Using platform encoding (Cp1252 actually) to copy filtered resources, i.e. build is platform dependent!
2026-09-15 01:23:37,145 [Worker-60: Building workspace] INFO  o.e.m.c.i.embedder.EclipseLogger - skip non existing resourceDirectory D:\Rays\WorkSpaces\Interviews\DynamicWeb\src\test\resources
2026-09-15 01:24:43,320 [Worker-62: Building workspace] WARN  o.e.m.c.i.embedder.EclipseLogger - Using platform encoding (Cp1252 actually) to copy filtered resources, i.e. build is platform dependent!
2026-09-15 01:24:43,321 [Worker-62: Building workspace] INFO  o.e.m.c.i.embedder.EclipseLogger - Copying 0 resource
2026-09-15 01:24:43,322 [Worker-62: Building workspace] WARN  o.e.m.c.i.embedder.EclipseLogger - Using platform encoding (Cp1252 actually) to copy filtered resources, i.e. build is platform dependent!
2026-09-15 01:24:43,323 [Worker-62: Building workspace] INFO  o.e.m.c.i.embedder.EclipseLogger - skip non existing resourceDirectory D:\Rays\WorkSpaces\Interviews\DynamicWeb\src\test\resources
2026-09-15 01:26:18,360 [Worker-63: Building workspace] WARN  o.e.m.c.i.embedder.EclipseLogger - Using platform encoding (Cp1252 actually) to copy filtered resources, i.e. build is platform dependent!
2026-09-15 01:26:18,362 [Worker-63: Building workspace] INFO  o.e.m.c.i.embedder.EclipseLogger - Copying 0 resource
2026-09-15 01:26:18,363 [Worker-63: Building workspace] WARN  o.e.m.c.i.embedder.EclipseLogger - Using platform encoding (Cp1252 actually) to copy filtered resources, i.e. build is platform dependent!
2026-09-15 01:26:18,364 [Worker-63: Building workspace] INFO  o.e.m.c.i.embedder.EclipseLogger - skip non existing resourceDirectory D:\Rays\WorkSpaces\Interviews\DynamicWeb\src\test\resources
2026-09-15 01:26:28,452 [Worker-66: Building workspace] WARN  o.e.m.c.i.embedder.EclipseLogger - Using platform encoding (Cp1252 actually) to copy filtered resources, i.e. build is platform dependent!
2026-09-15 01:26:28,454 [Worker-66: Building workspace] INFO  o.e.m.c.i.embedder.EclipseLogger - Copying 0 resource
2026-09-15 01:26:28,455 [Worker-66: Building workspace] WARN  o.e.m.c.i.embedder.EclipseLogger - Using platform encoding (Cp1252 actually) to copy filtered resources, i.e. build is platform dependent!
2026-09-15 01:26:28,456 [Worker-66: Building workspace] INFO  o.e.m.c.i.embedder.EclipseLogger - skip non existing resourceDirectory D:\Rays\WorkSpaces\Interviews\DynamicWeb\src\test\resources
2026-09-15 01:27:59,904 [Worker-52: Building workspace] WARN  o.e.m.c.i.embedder.EclipseLogger - Using platform encoding (Cp1252 actually) to copy filtered resources, i.e. build is platform dependent!
2026-09-15 01:27:59,906 [Worker-52: Building workspace] INFO  o.e.m.c.i.embedder.EclipseLogger - Copying 0 resource
2026-09-15 01:27:59,907 [Worker-52: Building workspace] WARN  o.e.m.c.i.embedder.EclipseLogger - Using platform encoding (Cp1252 actually) to copy filtered resources, i.e. build is platform dependent!
2026-09-15 01:27:59,908 [Worker-52: Building workspace] INFO  o.e.m.c.i.embedder.EclipseLogger - skip non existing resourceDirectory D:\Rays\WorkSpaces\Interviews\DynamicWeb\src\test\resources
2026-09-15 01:28:39,241 [Worker-66: Building workspace] WARN  o.e.m.c.i.embedder.EclipseLogger - Using platform encoding (Cp1252 actually) to copy filtered resources, i.e. build is platform dependent!
2026-09-15 01:28:39,242 [Worker-66: Building workspace] INFO  o.e.m.c.i.embedder.EclipseLogger - Copying 0 resource
2026-09-15 01:28:39,244 [Worker-66: Building workspace] WARN  o.e.m.c.i.embedder.EclipseLogger - Using platform encoding (Cp1252 actually) to copy filtered resources, i.e. build is platform dependent!
2026-09-15 01:28:39,245 [Worker-66: Building workspace] INFO  o.e.m.c.i.embedder.EclipseLogger - skip non existing resourceDirectory D:\Rays\WorkSpaces\Interviews\DynamicWeb\src\test\resources
2026-09-15 01:30:31,243 [Worker-52: Building workspace] WARN  o.e.m.c.i.embedder.EclipseLogger - Using platform encoding (Cp1252 actually) to copy filtered resources, i.e. build is platform dependent!
2026-09-15 01:30:31,246 [Worker-52: Building workspace] INFO  o.e.m.c.i.embedder.EclipseLogger - Copying 0 resource
2026-09-15 01:30:31,407 [Worker-52: Building workspace] WARN  o.e.m.c.i.embedder.EclipseLogger - Using platform encoding (Cp1252 actually) to copy filtered resources, i.e. build is platform dependent!
2026-09-15 01:30:31,408 [Worker-52: Building workspace] INFO  o.e.m.c.i.embedder.EclipseLogger - skip non existing resourceDirectory D:\Rays\WorkSpaces\Interviews\DynamicWeb\src\test\resources
2026-09-15 01:31:08,338 [Worker-63: Building workspace] WARN  o.e.m.c.i.embedder.EclipseLogger - Using platform encoding (Cp1252 actually) to copy filtered resources, i.e. build is platform dependent!
2026-09-15 01:31:08,339 [Worker-63: Building workspace] INFO  o.e.m.c.i.embedder.EclipseLogger - Copying 0 resource
2026-09-15 01:31:08,340 [Worker-63: Building workspace] WARN  o.e.m.c.i.embedder.EclipseLogger - Using platform encoding (Cp1252 actually) to copy filtered resources, i.e. build is platform dependent!
2026-09-15 01:31:08,341 [Worker-63: Building workspace] INFO  o.e.m.c.i.embedder.EclipseLogger - skip non existing resourceDirectory D:\Rays\WorkSpaces\Interviews\DynamicWeb\src\test\resources
2026-09-15 01:34:49,844 [Worker-52: Building workspace] WARN  o.e.m.c.i.embedder.EclipseLogger - Using platform encoding (Cp1252 actually) to copy filtered resources, i.e. build is platform dependent!
2026-09-15 01:34:49,845 [Worker-52: Building workspace] INFO  o.e.m.c.i.embedder.EclipseLogger - Copying 0 resource
2026-09-15 01:34:49,846 [Worker-52: Building workspace] WARN  o.e.m.c.i.embedder.EclipseLogger - Using platform encoding (Cp1252 actually) to copy filtered resources, i.e. build is platform dependent!
2026-09-15 01:34:49,847 [Worker-52: Building workspace] INFO  o.e.m.c.i.embedder.EclipseLogger - skip non existing resourceDirectory D:\Rays\WorkSpaces\Interviews\DynamicWeb\src\test\resources
2026-09-15 01:34:58,790 [Worker-73: Building workspace] WARN  o.e.m.c.i.embedder.EclipseLogger - Using platform encoding (Cp1252 actually) to copy filtered resources, i.e. build is platform dependent!
2026-09-15 01:34:58,792 [Worker-73: Building workspace] INFO  o.e.m.c.i.embedder.EclipseLogger - Copying 0 resource
2026-09-15 01:34:58,793 [Worker-73: Building workspace] WARN  o.e.m.c.i.embedder.EclipseLogger - Using platform encoding (Cp1252 actually) to copy filtered resources, i.e. build is platform dependent!
2026-09-15 01:34:58,795 [Worker-73: Building workspace] INFO  o.e.m.c.i.embedder.EclipseLogger - skip non existing resourceDirectory D:\Rays\WorkSpaces\Interviews\DynamicWeb\src\test\resources
2026-09-15 01:35:06,362 [Worker-70: Building workspace] WARN  o.e.m.c.i.embedder.EclipseLogger - Using platform encoding (Cp1252 actually) to copy filtered resources, i.e. build is platform dependent!
2026-09-15 01:35:06,363 [Worker-70: Building workspace] INFO  o.e.m.c.i.embedder.EclipseLogger - Copying 0 resource
2026-09-15 01:35:06,365 [Worker-70: Building workspace] WARN  o.e.m.c.i.embedder.EclipseLogger - Using platform encoding (Cp1252 actually) to copy filtered resources, i.e. build is platform dependent!
2026-09-15 01:35:06,365 [Worker-70: Building workspace] INFO  o.e.m.c.i.embedder.EclipseLogger - skip non existing resourceDirectory D:\Rays\WorkSpaces\Interviews\DynamicWeb\src\test\resources
2026-09-15 01:38:32,369 [Worker-77: Building workspace] WARN  o.e.m.c.i.embedder.EclipseLogger - Using platform encoding (Cp1252 actually) to copy filtered resources, i.e. build is platform dependent!
2026-09-15 01:38:32,371 [Worker-77: Building workspace] INFO  o.e.m.c.i.embedder.EclipseLogger - Copying 0 resource
2026-09-15 01:38:32,373 [Worker-77: Building workspace] WARN  o.e.m.c.i.embedder.EclipseLogger - Using platform encoding (Cp1252 actually) to copy filtered resources, i.e. build is platform dependent!
2026-09-15 01:38:32,374 [Worker-77: Building workspace] INFO  o.e.m.c.i.embedder.EclipseLogger - skip non existing resourceDirectory D:\Rays\WorkSpaces\Interviews\DynamicWeb\src\test\resources
2026-09-15 01:38:44,358 [Worker-73: Building workspace] WARN  o.e.m.c.i.embedder.EclipseLogger - Using platform encoding (Cp1252 actually) to copy filtered resources, i.e. build is platform dependent!
2026-09-15 01:38:44,359 [Worker-73: Building workspace] INFO  o.e.m.c.i.embedder.EclipseLogger - Copying 0 resource
2026-09-15 01:38:44,360 [Worker-73: Building workspace] WARN  o.e.m.c.i.embedder.EclipseLogger - Using platform encoding (Cp1252 actually) to copy filtered resources, i.e. build is platform dependent!
2026-09-15 01:38:44,361 [Worker-73: Building workspace] INFO  o.e.m.c.i.embedder.EclipseLogger - skip non existing resourceDirectory D:\Rays\WorkSpaces\Interviews\DynamicWeb\src\test\resources
2026-09-15 01:38:59,539 [Worker-77: Building workspace] WARN  o.e.m.c.i.embedder.EclipseLogger - Using platform encoding (Cp1252 actually) to copy filtered resources, i.e. build is platform dependent!
2026-09-15 01:38:59,540 [Worker-77: Building workspace] INFO  o.e.m.c.i.embedder.EclipseLogger - Copying 0 resource
2026-09-15 01:38:59,543 [Worker-77: Building workspace] WARN  o.e.m.c.i.embedder.EclipseLogger - Using platform encoding (Cp1252 actually) to copy filtered resources, i.e. build is platform dependent!
2026-09-15 01:38:59,544 [Worker-77: Building workspace] INFO  o.e.m.c.i.embedder.EclipseLogger - skip non existing resourceDirectory D:\Rays\WorkSpaces\Interviews\DynamicWeb\src\test\resources
2026-09-15 01:39:11,097 [Worker-73: Building workspace] WARN  o.e.m.c.i.embedder.EclipseLogger - Using platform encoding (Cp1252 actually) to copy filtered resources, i.e. build is platform dependent!
2026-09-15 01:39:11,099 [Worker-73: Building workspace] INFO  o.e.m.c.i.embedder.EclipseLogger - Copying 0 resource
2026-09-15 01:39:11,101 [Worker-73: Building workspace] WARN  o.e.m.c.i.embedder.EclipseLogger - Using platform encoding (Cp1252 actually) to copy filtered resources, i.e. build is platform dependent!
2026-09-15 01:39:11,102 [Worker-73: Building workspace] INFO  o.e.m.c.i.embedder.EclipseLogger - skip non existing resourceDirectory D:\Rays\WorkSpaces\Interviews\DynamicWeb\src\test\resources
2026-09-15 01:39:34,903 [Worker-76: Building workspace] WARN  o.e.m.c.i.embedder.EclipseLogger - Using platform encoding (Cp1252 actually) to copy filtered resources, i.e. build is platform dependent!
2026-09-15 01:39:34,904 [Worker-76: Building workspace] INFO  o.e.m.c.i.embedder.EclipseLogger - Copying 0 resource
2026-09-15 01:39:34,905 [Worker-76: Building workspace] WARN  o.e.m.c.i.embedder.EclipseLogger - Using platform encoding (Cp1252 actually) to copy filtered resources, i.e. build is platform dependent!
2026-09-15 01:39:34,906 [Worker-76: Building workspace] INFO  o.e.m.c.i.embedder.EclipseLogger - skip non existing resourceDirectory D:\Rays\WorkSpaces\Interviews\DynamicWeb\src\test\resources
2026-09-15 01:40:12,713 [Worker-77: Building workspace] WARN  o.e.m.c.i.embedder.EclipseLogger - Using platform encoding (Cp1252 actually) to copy filtered resources, i.e. build is platform dependent!
2026-09-15 01:40:12,714 [Worker-77: Building workspace] INFO  o.e.m.c.i.embedder.EclipseLogger - Copying 0 resource
2026-09-15 01:40:12,715 [Worker-77: Building workspace] WARN  o.e.m.c.i.embedder.EclipseLogger - Using platform encoding (Cp1252 actually) to copy filtered resources, i.e. build is platform dependent!
2026-09-15 01:40:12,716 [Worker-77: Building workspace] INFO  o.e.m.c.i.embedder.EclipseLogger - skip non existing resourceDirectory D:\Rays\WorkSpaces\Interviews\DynamicWeb\src\test\resources
2026-09-15 03:08:44,604 [Worker-92: Building workspace] WARN  o.e.m.c.i.embedder.EclipseLogger - Using platform encoding (Cp1252 actually) to copy filtered resources, i.e. build is platform dependent!
2026-09-15 03:08:44,607 [Worker-92: Building workspace] INFO  o.e.m.c.i.embedder.EclipseLogger - Copying 0 resource
2026-09-15 03:08:44,608 [Worker-92: Building workspace] WARN  o.e.m.c.i.embedder.EclipseLogger - Using platform encoding (Cp1252 actually) to copy filtered resources, i.e. build is platform dependent!
2026-09-15 03:08:44,609 [Worker-92: Building workspace] INFO  o.e.m.c.i.embedder.EclipseLogger - skip non existing resourceDirectory D:\Rays\WorkSpaces\Interviews\DynamicWeb\src\test\resources
2026-09-15 03:09:14,665 [Worker-86: Building workspace] WARN  o.e.m.c.i.embedder.EclipseLogger - Using platform encoding (Cp1252 actually) to copy filtered resources, i.e. build is platform dependent!
2026-09-15 03:09:14,666 [Worker-86: Building workspace] INFO  o.e.m.c.i.embedder.EclipseLogger - Copying 0 resource
2026-09-15 03:09:14,668 [Worker-86: Building workspace] WARN  o.e.m.c.i.embedder.EclipseLogger - Using platform encoding (Cp1252 actually) to copy filtered resources, i.e. build is platform dependent!
2026-09-15 03:09:14,669 [Worker-86: Building workspace] INFO  o.e.m.c.i.embedder.EclipseLogger - skip non existing resourceDirectory D:\Rays\WorkSpaces\Interviews\DynamicWeb\src\test\resources
2026-09-15 12:09:42,022 [Worker-0: Loading available Gradle versions] INFO  o.e.b.c.i.u.g.PublishedGradleVersions - Gradle version information cache is up-to-date. Trying to read.
2026-09-15 12:09:46,545 [Worker-12: Building workspace] WARN  o.e.m.c.i.embedder.EclipseLogger - Using platform encoding (Cp1252 actually) to copy filtered resources, i.e. build is platform dependent!
2026-09-15 12:09:46,553 [Worker-12: Building workspace] INFO  o.e.m.c.i.embedder.EclipseLogger - Copying 0 resource
2026-09-15 12:09:46,555 [Worker-12: Building workspace] WARN  o.e.m.c.i.embedder.EclipseLogger - Using platform encoding (Cp1252 actually) to copy filtered resources, i.e. build is platform dependent!
2026-09-15 12:09:46,556 [Worker-12: Building workspace] INFO  o.e.m.c.i.embedder.EclipseLogger - skip non existing resourceDirectory D:\Rays\WorkSpaces\Interviews\DynamicWeb\src\test\resources
2026-09-15 12:11:06,363 [Worker-0: Building workspace] WARN  o.e.m.c.i.embedder.EclipseLogger - Using platform encoding (Cp1252 actually) to copy filtered resources, i.e. build is platform dependent!
2026-09-15 12:11:06,375 [Worker-0: Building workspace] INFO  o.e.m.c.i.embedder.EclipseLogger - Copying 0 resource
2026-09-15 12:11:06,378 [Worker-0: Building workspace] WARN  o.e.m.c.i.embedder.EclipseLogger - Using platform encoding (Cp1252 actually) to copy filtered resources, i.e. build is platform dependent!
2026-09-15 12:11:06,378 [Worker-0: Building workspace] INFO  o.e.m.c.i.embedder.EclipseLogger - skip non existing resourceDirectory D:\Rays\WorkSpaces\Interviews\DynamicWeb\src\test\resources
2026-09-15 12:11:56,988 [Worker-15: Building workspace] WARN  o.e.m.c.i.embedder.EclipseLogger - Using platform encoding (Cp1252 actually) to copy filtered resources, i.e. build is platform dependent!
2026-09-15 12:11:56,990 [Worker-15: Building workspace] INFO  o.e.m.c.i.embedder.EclipseLogger - Copying 0 resource
2026-09-15 12:11:56,992 [Worker-15: Building workspace] WARN  o.e.m.c.i.embedder.EclipseLogger - Using platform encoding (Cp1252 actually) to copy filtered resources, i.e. build is platform dependent!
2026-09-15 12:11:56,993 [Worker-15: Building workspace] INFO  o.e.m.c.i.embedder.EclipseLogger - skip non existing resourceDirectory D:\Rays\WorkSpaces\Interviews\DynamicWeb\src\test\resources
2026-09-15 12:13:46,999 [Worker-0: Building workspace] WARN  o.e.m.c.i.embedder.EclipseLogger - Using platform encoding (Cp1252 actually) to copy filtered resources, i.e. build is platform dependent!
2026-09-15 12:13:47,029 [Worker-0: Building workspace] INFO  o.e.m.c.i.embedder.EclipseLogger - Copying 0 resource
2026-09-15 12:13:47,032 [Worker-0: Building workspace] WARN  o.e.m.c.i.embedder.EclipseLogger - Using platform encoding (Cp1252 actually) to copy filtered resources, i.e. build is platform dependent!
2026-09-15 12:13:47,033 [Worker-0: Building workspace] INFO  o.e.m.c.i.embedder.EclipseLogger - skip non existing resourceDirectory D:\Rays\WorkSpaces\Interviews\DynamicWeb\src\test\resources
2026-09-15 12:15:06,626 [Worker-11: Updating Maven Project] INFO  o.e.m.c.i.p.ProjectConfigurationManager - Update started
2026-09-15 12:15:07,562 [Worker-11: Updating Maven Project] INFO  o.e.m.c.i.l.LifecycleMappingFactory - Using org.maven.ide.eclipse.wtp.WarLifecycleMapping lifecycle mapping for MavenProject: com.rays.servlet:DynamicWeb:0.0.1-SNAPSHOT @ D:\Rays\WorkSpaces\Interviews\DynamicWeb\pom.xml.
2026-09-15 12:15:08,360 [Worker-11: Updating Maven Project] INFO  o.e.m.j.i.AbstractJavaProjectConfigurator - Adding source folder /DynamicWeb/src/main/java
2026-09-15 12:15:08,360 [Worker-11: Updating Maven Project] INFO  o.e.m.j.i.AbstractJavaProjectConfigurator - Adding resource folder /DynamicWeb/src/main/resources
2026-09-15 12:15:08,361 [Worker-11: Updating Maven Project] INFO  o.e.m.j.i.AbstractJavaProjectConfigurator - Adding source folder /DynamicWeb/src/test/java
2026-09-15 12:15:09,207 [Worker-11: Updating Maven Project] INFO  o.e.m.w.i.f.ResourceFilteringBuildParticipant - Cleaning filtered folder for DynamicWeb
2026-09-15 12:15:09,213 [Worker-11: Updating Maven Project] INFO  o.e.m.c.i.p.ProjectConfigurationManager - Update completed: 2 sec
2026-09-15 12:15:09,674 [Worker-5: Building workspace] WARN  o.e.m.c.i.embedder.EclipseLogger - Using platform encoding (Cp1252 actually) to copy filtered resources, i.e. build is platform dependent!
2026-09-15 12:15:09,676 [Worker-5: Building workspace] INFO  o.e.m.c.i.embedder.EclipseLogger - Copying 0 resource
2026-09-15 12:15:09,682 [Worker-5: Building workspace] WARN  o.e.m.c.i.embedder.EclipseLogger - Using platform encoding (Cp1252 actually) to copy filtered resources, i.e. build is platform dependent!
2026-09-15 12:15:09,683 [Worker-5: Building workspace] INFO  o.e.m.c.i.embedder.EclipseLogger - skip non existing resourceDirectory D:\Rays\WorkSpaces\Interviews\DynamicWeb\src\test\resources
2026-09-15 12:15:09,683 [Worker-5: Building workspace] INFO  o.e.m.w.i.f.ResourceFilteringBuildParticipant - Changed resources require a complete clean of filtered resources of DynamicWeb
2026-09-15 12:15:09,684 [Worker-5: Building workspace] INFO  o.e.m.w.i.f.ResourceFilteringBuildParticipant - Executing resource filtering for DynamicWeb
2026-09-15 12:15:09,696 [Worker-5: Building workspace] WARN  o.e.m.c.i.embedder.EclipseLogger - Using platform encoding (Cp1252 actually) to copy filtered resources, i.e. build is platform dependent!
2026-09-15 12:15:42,057 [Worker-0: Building workspace] WARN  o.e.m.c.i.embedder.EclipseLogger - Using platform encoding (Cp1252 actually) to copy filtered resources, i.e. build is platform dependent!
2026-09-15 12:15:42,060 [Worker-0: Building workspace] INFO  o.e.m.c.i.embedder.EclipseLogger - Copying 0 resource
2026-09-15 12:15:42,062 [Worker-0: Building workspace] WARN  o.e.m.c.i.embedder.EclipseLogger - Using platform encoding (Cp1252 actually) to copy filtered resources, i.e. build is platform dependent!
2026-09-15 12:15:42,064 [Worker-0: Building workspace] INFO  o.e.m.c.i.embedder.EclipseLogger - skip non existing resourceDirectory D:\Rays\WorkSpaces\Interviews\DynamicWeb\src\test\resources
2026-09-15 12:18:34,921 [Worker-11: Building workspace] WARN  o.e.m.c.i.embedder.EclipseLogger - Using platform encoding (Cp1252 actually) to copy filtered resources, i.e. build is platform dependent!
2026-09-15 12:18:34,923 [Worker-11: Building workspace] INFO  o.e.m.c.i.embedder.EclipseLogger - Copying 0 resource
2026-09-15 12:18:34,925 [Worker-11: Building workspace] WARN  o.e.m.c.i.embedder.EclipseLogger - Using platform encoding (Cp1252 actually) to copy filtered resources, i.e. build is platform dependent!
2026-09-15 12:18:34,926 [Worker-11: Building workspace] INFO  o.e.m.c.i.embedder.EclipseLogger - skip non existing resourceDirectory D:\Rays\WorkSpaces\Interviews\DynamicWeb\src\test\resources
2026-09-15 12:18:35,984 [Worker-14: Building workspace] WARN  o.e.m.c.i.embedder.EclipseLogger - Using platform encoding (Cp1252 actually) to copy filtered resources, i.e. build is platform dependent!
2026-09-15 12:18:35,986 [Worker-14: Building workspace] INFO  o.e.m.c.i.embedder.EclipseLogger - Copying 0 resource
2026-09-15 12:18:35,987 [Worker-14: Building workspace] WARN  o.e.m.c.i.embedder.EclipseLogger - Using platform encoding (Cp1252 actually) to copy filtered resources, i.e. build is platform dependent!
2026-09-15 12:18:35,988 [Worker-14: Building workspace] INFO  o.e.m.c.i.embedder.EclipseLogger - skip non existing resourceDirectory D:\Rays\WorkSpaces\Interviews\DynamicWeb\src\test\resources
2026-09-15 12:20:14,412 [Worker-17: Building workspace] WARN  o.e.m.c.i.embedder.EclipseLogger - Using platform encoding (Cp1252 actually) to copy filtered resources, i.e. build is platform dependent!
2026-09-15 12:20:14,413 [Worker-17: Building workspace] INFO  o.e.m.c.i.embedder.EclipseLogger - Copying 0 resource
2026-09-15 12:20:14,414 [Worker-17: Building workspace] WARN  o.e.m.c.i.embedder.EclipseLogger - Using platform encoding (Cp1252 actually) to copy filtered resources, i.e. build is platform dependent!
2026-09-15 12:20:14,415 [Worker-17: Building workspace] INFO  o.e.m.c.i.embedder.EclipseLogger - skip non existing resourceDirectory D:\Rays\WorkSpaces\Interviews\DynamicWeb\src\test\resources
2026-09-15 12:21:05,044 [Worker-15: Building workspace] WARN  o.e.m.c.i.embedder.EclipseLogger - Using platform encoding (Cp1252 actually) to copy filtered resources, i.e. build is platform dependent!
2026-09-15 12:21:05,046 [Worker-15: Building workspace] INFO  o.e.m.c.i.embedder.EclipseLogger - Copying 0 resource
2026-09-15 12:21:05,048 [Worker-15: Building workspace] WARN  o.e.m.c.i.embedder.EclipseLogger - Using platform encoding (Cp1252 actually) to copy filtered resources, i.e. build is platform dependent!
2026-09-15 12:21:05,049 [Worker-15: Building workspace] INFO  o.e.m.c.i.embedder.EclipseLogger - skip non existing resourceDirectory D:\Rays\WorkSpaces\Interviews\DynamicWeb\src\test\resources
2026-09-15 12:21:11,798 [Worker-15: Building workspace] WARN  o.e.m.c.i.embedder.EclipseLogger - Using platform encoding (Cp1252 actually) to copy filtered resources, i.e. build is platform dependent!
2026-09-15 12:21:11,800 [Worker-15: Building workspace] INFO  o.e.m.c.i.embedder.EclipseLogger - Copying 0 resource
2026-09-15 12:21:11,801 [Worker-15: Building workspace] WARN  o.e.m.c.i.embedder.EclipseLogger - Using platform encoding (Cp1252 actually) to copy filtered resources, i.e. build is platform dependent!
2026-09-15 12:21:11,802 [Worker-15: Building workspace] INFO  o.e.m.c.i.embedder.EclipseLogger - skip non existing resourceDirectory D:\Rays\WorkSpaces\Interviews\DynamicWeb\src\test\resources
2026-09-15 12:22:50,888 [Worker-11: Building workspace] WARN  o.e.m.c.i.embedder.EclipseLogger - Using platform encoding (Cp1252 actually) to copy filtered resources, i.e. build is platform dependent!
2026-09-15 12:22:50,890 [Worker-11: Building workspace] INFO  o.e.m.c.i.embedder.EclipseLogger - Copying 0 resource
2026-09-15 12:22:50,891 [Worker-11: Building workspace] WARN  o.e.m.c.i.embedder.EclipseLogger - Using platform encoding (Cp1252 actually) to copy filtered resources, i.e. build is platform dependent!
2026-09-15 12:22:50,892 [Worker-11: Building workspace] INFO  o.e.m.c.i.embedder.EclipseLogger - skip non existing resourceDirectory D:\Rays\WorkSpaces\Interviews\DynamicWeb\src\test\resources
2026-09-15 12:23:53,945 [Worker-15: Building workspace] WARN  o.e.m.c.i.embedder.EclipseLogger - Using platform encoding (Cp1252 actually) to copy filtered resources, i.e. build is platform dependent!
2026-09-15 12:23:53,947 [Worker-15: Building workspace] INFO  o.e.m.c.i.embedder.EclipseLogger - Copying 0 resource
2026-09-15 12:23:53,948 [Worker-15: Building workspace] WARN  o.e.m.c.i.embedder.EclipseLogger - Using platform encoding (Cp1252 actually) to copy filtered resources, i.e. build is platform dependent!
2026-09-15 12:23:53,948 [Worker-15: Building workspace] INFO  o.e.m.c.i.embedder.EclipseLogger - skip non existing resourceDirectory D:\Rays\WorkSpaces\Interviews\DynamicWeb\src\test\resources
2026-09-15 12:24:04,441 [Worker-17: Building workspace] WARN  o.e.m.c.i.embedder.EclipseLogger - Using platform encoding (Cp1252 actually) to copy filtered resources, i.e. build is platform dependent!
2026-09-15 12:24:04,443 [Worker-17: Building workspace] INFO  o.e.m.c.i.embedder.EclipseLogger - Copying 0 resource
2026-09-15 12:24:04,444 [Worker-17: Building workspace] WARN  o.e.m.c.i.embedder.EclipseLogger - Using platform encoding (Cp1252 actually) to copy filtered resources, i.e. build is platform dependent!
2026-09-15 12:24:04,445 [Worker-17: Building workspace] INFO  o.e.m.c.i.embedder.EclipseLogger - skip non existing resourceDirectory D:\Rays\WorkSpaces\Interviews\DynamicWeb\src\test\resources
2026-09-15 12:29:03,104 [Worker-11: Building workspace] WARN  o.e.m.c.i.embedder.EclipseLogger - Using platform encoding (Cp1252 actually) to copy filtered resources, i.e. build is platform dependent!
2026-09-15 12:29:03,106 [Worker-11: Building workspace] INFO  o.e.m.c.i.embedder.EclipseLogger - Copying 0 resource
2026-09-15 12:29:03,107 [Worker-11: Building workspace] WARN  o.e.m.c.i.embedder.EclipseLogger - Using platform encoding (Cp1252 actually) to copy filtered resources, i.e. build is platform dependent!
2026-09-15 12:29:03,108 [Worker-11: Building workspace] INFO  o.e.m.c.i.embedder.EclipseLogger - skip non existing resourceDirectory D:\Rays\WorkSpaces\Interviews\DynamicWeb\src\test\resources
2026-09-15 12:29:06,510 [Worker-19: Building workspace] WARN  o.e.m.c.i.embedder.EclipseLogger - Using platform encoding (Cp1252 actually) to copy filtered resources, i.e. build is platform dependent!
2026-09-15 12:29:06,511 [Worker-19: Building workspace] INFO  o.e.m.c.i.embedder.EclipseLogger - Copying 0 resource
2026-09-15 12:29:06,513 [Worker-19: Building workspace] WARN  o.e.m.c.i.embedder.EclipseLogger - Using platform encoding (Cp1252 actually) to copy filtered resources, i.e. build is platform dependent!
2026-09-15 12:29:06,514 [Worker-19: Building workspace] INFO  o.e.m.c.i.embedder.EclipseLogger - skip non existing resourceDirectory D:\Rays\WorkSpaces\Interviews\DynamicWeb\src\test\resources
2026-09-15 12:29:49,635 [Worker-19: Building workspace] WARN  o.e.m.c.i.embedder.EclipseLogger - Using platform encoding (Cp1252 actually) to copy filtered resources, i.e. build is platform dependent!
2026-09-15 12:29:49,637 [Worker-19: Building workspace] INFO  o.e.m.c.i.embedder.EclipseLogger - Copying 0 resource
2026-09-15 12:29:49,639 [Worker-19: Building workspace] WARN  o.e.m.c.i.embedder.EclipseLogger - Using platform encoding (Cp1252 actually) to copy filtered resources, i.e. build is platform dependent!
2026-09-15 12:29:49,640 [Worker-19: Building workspace] INFO  o.e.m.c.i.embedder.EclipseLogger - skip non existing resourceDirectory D:\Rays\WorkSpaces\Interviews\DynamicWeb\src\test\resources
2026-09-15 12:29:56,347 [Worker-16: Building workspace] WARN  o.e.m.c.i.embedder.EclipseLogger - Using platform encoding (Cp1252 actually) to copy filtered resources, i.e. build is platform dependent!
2026-09-15 12:29:56,349 [Worker-16: Building workspace] INFO  o.e.m.c.i.embedder.EclipseLogger - Copying 0 resource
2026-09-15 12:29:56,350 [Worker-16: Building workspace] WARN  o.e.m.c.i.embedder.EclipseLogger - Using platform encoding (Cp1252 actually) to copy filtered resources, i.e. build is platform dependent!
2026-09-15 12:29:56,351 [Worker-16: Building workspace] INFO  o.e.m.c.i.embedder.EclipseLogger - skip non existing resourceDirectory D:\Rays\WorkSpaces\Interviews\DynamicWeb\src\test\resources
2026-09-15 12:30:16,475 [Worker-15: Building workspace] WARN  o.e.m.c.i.embedder.EclipseLogger - Using platform encoding (Cp1252 actually) to copy filtered resources, i.e. build is platform dependent!
2026-09-15 12:30:16,477 [Worker-15: Building workspace] INFO  o.e.m.c.i.embedder.EclipseLogger - Copying 0 resource
2026-09-15 12:30:16,478 [Worker-15: Building workspace] WARN  o.e.m.c.i.embedder.EclipseLogger - Using platform encoding (Cp1252 actually) to copy filtered resources, i.e. build is platform dependent!
2026-09-15 12:30:16,479 [Worker-15: Building workspace] INFO  o.e.m.c.i.embedder.EclipseLogger - skip non existing resourceDirectory D:\Rays\WorkSpaces\Interviews\DynamicWeb\src\test\resources
2026-09-15 12:40:54,733 [Worker-20: Building workspace] WARN  o.e.m.c.i.embedder.EclipseLogger - Using platform encoding (Cp1252 actually) to copy filtered resources, i.e. build is platform dependent!
2026-09-15 12:40:54,734 [Worker-20: Building workspace] INFO  o.e.m.c.i.embedder.EclipseLogger - Copying 0 resource
2026-09-15 12:40:54,737 [Worker-20: Building workspace] WARN  o.e.m.c.i.embedder.EclipseLogger - Using platform encoding (Cp1252 actually) to copy filtered resources, i.e. build is platform dependent!
2026-09-15 12:40:54,737 [Worker-20: Building workspace] INFO  o.e.m.c.i.embedder.EclipseLogger - skip non existing resourceDirectory D:\Rays\WorkSpaces\Interviews\DynamicWeb\src\test\resources
2026-09-15 12:41:42,429 [Worker-21: Building workspace] WARN  o.e.m.c.i.embedder.EclipseLogger - Using platform encoding (Cp1252 actually) to copy filtered resources, i.e. build is platform dependent!
2026-09-15 12:41:42,431 [Worker-21: Building workspace] INFO  o.e.m.c.i.embedder.EclipseLogger - Copying 0 resource
2026-09-15 12:41:42,432 [Worker-21: Building workspace] WARN  o.e.m.c.i.embedder.EclipseLogger - Using platform encoding (Cp1252 actually) to copy filtered resources, i.e. build is platform dependent!
2026-09-15 12:41:42,434 [Worker-21: Building workspace] INFO  o.e.m.c.i.embedder.EclipseLogger - skip non existing resourceDirectory D:\Rays\WorkSpaces\Interviews\DynamicWeb\src\test\resources
2026-09-15 12:43:17,291 [Worker-22: Building workspace] WARN  o.e.m.c.i.embedder.EclipseLogger - Using platform encoding (Cp1252 actually) to copy filtered resources, i.e. build is platform dependent!
2026-09-15 12:43:17,292 [Worker-22: Building workspace] INFO  o.e.m.c.i.embedder.EclipseLogger - Copying 0 resource
2026-09-15 12:43:17,294 [Worker-22: Building workspace] WARN  o.e.m.c.i.embedder.EclipseLogger - Using platform encoding (Cp1252 actually) to copy filtered resources, i.e. build is platform dependent!
2026-09-15 12:43:17,295 [Worker-22: Building workspace] INFO  o.e.m.c.i.embedder.EclipseLogger - skip non existing resourceDirectory D:\Rays\WorkSpaces\Interviews\DynamicWeb\src\test\resources
2026-09-15 12:44:19,612 [Worker-19: Building workspace] WARN  o.e.m.c.i.embedder.EclipseLogger - Using platform encoding (Cp1252 actually) to copy filtered resources, i.e. build is platform dependent!
2026-09-15 12:44:19,613 [Worker-19: Building workspace] INFO  o.e.m.c.i.embedder.EclipseLogger - Copying 0 resource
2026-09-15 12:44:19,614 [Worker-19: Building workspace] WARN  o.e.m.c.i.embedder.EclipseLogger - Using platform encoding (Cp1252 actually) to copy filtered resources, i.e. build is platform dependent!
2026-09-15 12:44:19,615 [Worker-19: Building workspace] INFO  o.e.m.c.i.embedder.EclipseLogger - skip non existing resourceDirectory D:\Rays\WorkSpaces\Interviews\DynamicWeb\src\test\resources
2026-09-15 12:44:39,329 [Worker-23: Building workspace] WARN  o.e.m.c.i.embedder.EclipseLogger - Using platform encoding (Cp1252 actually) to copy filtered resources, i.e. build is platform dependent!
2026-09-15 12:44:39,331 [Worker-23: Building workspace] INFO  o.e.m.c.i.embedder.EclipseLogger - Copying 0 resource
2026-09-15 12:44:39,333 [Worker-23: Building workspace] WARN  o.e.m.c.i.embedder.EclipseLogger - Using platform encoding (Cp1252 actually) to copy filtered resources, i.e. build is platform dependent!
2026-09-15 12:44:39,334 [Worker-23: Building workspace] INFO  o.e.m.c.i.embedder.EclipseLogger - skip non existing resourceDirectory D:\Rays\WorkSpaces\Interviews\DynamicWeb\src\test\resources
2026-09-15 12:45:08,351 [Worker-23: Building workspace] WARN  o.e.m.c.i.embedder.EclipseLogger - Using platform encoding (Cp1252 actually) to copy filtered resources, i.e. build is platform dependent!
2026-09-15 12:45:08,352 [Worker-23: Building workspace] INFO  o.e.m.c.i.embedder.EclipseLogger - Copying 0 resource
2026-09-15 12:45:08,353 [Worker-23: Building workspace] WARN  o.e.m.c.i.embedder.EclipseLogger - Using platform encoding (Cp1252 actually) to copy filtered resources, i.e. build is platform dependent!
2026-09-15 12:45:08,354 [Worker-23: Building workspace] INFO  o.e.m.c.i.embedder.EclipseLogger - skip non existing resourceDirectory D:\Rays\WorkSpaces\Interviews\DynamicWeb\src\test\resources
2026-09-15 12:45:30,907 [Worker-21: Building workspace] WARN  o.e.m.c.i.embedder.EclipseLogger - Using platform encoding (Cp1252 actually) to copy filtered resources, i.e. build is platform dependent!
2026-09-15 12:45:30,908 [Worker-21: Building workspace] INFO  o.e.m.c.i.embedder.EclipseLogger - Copying 0 resource
2026-09-15 12:45:30,909 [Worker-21: Building workspace] WARN  o.e.m.c.i.embedder.EclipseLogger - Using platform encoding (Cp1252 actually) to copy filtered resources, i.e. build is platform dependent!
2026-09-15 12:45:30,910 [Worker-21: Building workspace] INFO  o.e.m.c.i.embedder.EclipseLogger - skip non existing resourceDirectory D:\Rays\WorkSpaces\Interviews\DynamicWeb\src\test\resources
2026-09-15 12:46:02,887 [Worker-21: Building workspace] WARN  o.e.m.c.i.embedder.EclipseLogger - Using platform encoding (Cp1252 actually) to copy filtered resources, i.e. build is platform dependent!
2026-09-15 12:46:02,889 [Worker-21: Building workspace] INFO  o.e.m.c.i.embedder.EclipseLogger - Copying 0 resource
2026-09-15 12:46:02,890 [Worker-21: Building workspace] WARN  o.e.m.c.i.embedder.EclipseLogger - Using platform encoding (Cp1252 actually) to copy filtered resources, i.e. build is platform dependent!
2026-09-15 12:46:02,891 [Worker-21: Building workspace] INFO  o.e.m.c.i.embedder.EclipseLogger - skip non existing resourceDirectory D:\Rays\WorkSpaces\Interviews\DynamicWeb\src\test\resources
2026-09-15 12:46:10,502 [Worker-24: Building workspace] WARN  o.e.m.c.i.embedder.EclipseLogger - Using platform encoding (Cp1252 actually) to copy filtered resources, i.e. build is platform dependent!
2026-09-15 12:46:10,503 [Worker-24: Building workspace] INFO  o.e.m.c.i.embedder.EclipseLogger - Copying 0 resource
2026-09-15 12:46:10,504 [Worker-24: Building workspace] WARN  o.e.m.c.i.embedder.EclipseLogger - Using platform encoding (Cp1252 actually) to copy filtered resources, i.e. build is platform dependent!
2026-09-15 12:46:10,504 [Worker-24: Building workspace] INFO  o.e.m.c.i.embedder.EclipseLogger - skip non existing resourceDirectory D:\Rays\WorkSpaces\Interviews\DynamicWeb\src\test\resources
2026-09-15 12:46:12,582 [Worker-19: Building workspace] WARN  o.e.m.c.i.embedder.EclipseLogger - Using platform encoding (Cp1252 actually) to copy filtered resources, i.e. build is platform dependent!
2026-09-15 12:46:12,583 [Worker-19: Building workspace] INFO  o.e.m.c.i.embedder.EclipseLogger - Copying 0 resource
2026-09-15 12:46:12,584 [Worker-19: Building workspace] WARN  o.e.m.c.i.embedder.EclipseLogger - Using platform encoding (Cp1252 actually) to copy filtered resources, i.e. build is platform dependent!
2026-09-15 12:46:12,585 [Worker-19: Building workspace] INFO  o.e.m.c.i.embedder.EclipseLogger - skip non existing resourceDirectory D:\Rays\WorkSpaces\Interviews\DynamicWeb\src\test\resources
2026-09-15 12:46:56,618 [Worker-19: Building workspace] WARN  o.e.m.c.i.embedder.EclipseLogger - Using platform encoding (Cp1252 actually) to copy filtered resources, i.e. build is platform dependent!
2026-09-15 12:46:56,619 [Worker-19: Building workspace] INFO  o.e.m.c.i.embedder.EclipseLogger - Copying 0 resource
2026-09-15 12:46:56,620 [Worker-19: Building workspace] WARN  o.e.m.c.i.embedder.EclipseLogger - Using platform encoding (Cp1252 actually) to copy filtered resources, i.e. build is platform dependent!
2026-09-15 12:46:56,621 [Worker-19: Building workspace] INFO  o.e.m.c.i.embedder.EclipseLogger - skip non existing resourceDirectory D:\Rays\WorkSpaces\Interviews\DynamicWeb\src\test\resources
2026-09-15 12:48:19,527 [Worker-22: Building workspace] WARN  o.e.m.c.i.embedder.EclipseLogger - Using platform encoding (Cp1252 actually) to copy filtered resources, i.e. build is platform dependent!
2026-09-15 12:48:19,527 [Worker-22: Building workspace] INFO  o.e.m.c.i.embedder.EclipseLogger - Copying 0 resource
2026-09-15 12:48:19,528 [Worker-22: Building workspace] WARN  o.e.m.c.i.embedder.EclipseLogger - Using platform encoding (Cp1252 actually) to copy filtered resources, i.e. build is platform dependent!
2026-09-15 12:48:19,528 [Worker-22: Building workspace] INFO  o.e.m.c.i.embedder.EclipseLogger - skip non existing resourceDirectory D:\Rays\WorkSpaces\Interviews\DynamicWeb\src\test\resources
2026-09-15 12:48:52,730 [Worker-24: Building workspace] WARN  o.e.m.c.i.embedder.EclipseLogger - Using platform encoding (Cp1252 actually) to copy filtered resources, i.e. build is platform dependent!
2026-09-15 12:48:52,731 [Worker-24: Building workspace] INFO  o.e.m.c.i.embedder.EclipseLogger - Copying 0 resource
2026-09-15 12:48:52,732 [Worker-24: Building workspace] WARN  o.e.m.c.i.embedder.EclipseLogger - Using platform encoding (Cp1252 actually) to copy filtered resources, i.e. build is platform dependent!
2026-09-15 12:48:52,732 [Worker-24: Building workspace] INFO  o.e.m.c.i.embedder.EclipseLogger - skip non existing resourceDirectory D:\Rays\WorkSpaces\Interviews\DynamicWeb\src\test\resources
2026-09-15 12:48:55,924 [Worker-24: Building workspace] WARN  o.e.m.c.i.embedder.EclipseLogger - Using platform encoding (Cp1252 actually) to copy filtered resources, i.e. build is platform dependent!
2026-09-15 12:48:55,925 [Worker-24: Building workspace] INFO  o.e.m.c.i.embedder.EclipseLogger - Copying 0 resource
2026-09-15 12:48:55,926 [Worker-24: Building workspace] WARN  o.e.m.c.i.embedder.EclipseLogger - Using platform encoding (Cp1252 actually) to copy filtered resources, i.e. build is platform dependent!
2026-09-15 12:48:55,927 [Worker-24: Building workspace] INFO  o.e.m.c.i.embedder.EclipseLogger - skip non existing resourceDirectory D:\Rays\WorkSpaces\Interviews\DynamicWeb\src\test\resources
2026-09-15 12:49:23,641 [Worker-21: Building workspace] WARN  o.e.m.c.i.embedder.EclipseLogger - Using platform encoding (Cp1252 actually) to copy filtered resources, i.e. build is platform dependent!
2026-09-15 12:49:23,642 [Worker-21: Building workspace] INFO  o.e.m.c.i.embedder.EclipseLogger - Copying 0 resource
2026-09-15 12:49:23,643 [Worker-21: Building workspace] WARN  o.e.m.c.i.embedder.EclipseLogger - Using platform encoding (Cp1252 actually) to copy filtered resources, i.e. build is platform dependent!
2026-09-15 12:49:23,643 [Worker-21: Building workspace] INFO  o.e.m.c.i.embedder.EclipseLogger - skip non existing resourceDirectory D:\Rays\WorkSpaces\Interviews\DynamicWeb\src\test\resources
2026-09-15 13:21:19,725 [Worker-25: Building workspace] WARN  o.e.m.c.i.embedder.EclipseLogger - Using platform encoding (Cp1252 actually) to copy filtered resources, i.e. build is platform dependent!
2026-09-15 13:21:19,726 [Worker-25: Building workspace] INFO  o.e.m.c.i.embedder.EclipseLogger - Copying 0 resource
2026-09-15 13:21:19,727 [Worker-25: Building workspace] WARN  o.e.m.c.i.embedder.EclipseLogger - Using platform encoding (Cp1252 actually) to copy filtered resources, i.e. build is platform dependent!
2026-09-15 13:21:19,727 [Worker-25: Building workspace] INFO  o.e.m.c.i.embedder.EclipseLogger - skip non existing resourceDirectory D:\Rays\WorkSpaces\Interviews\DynamicWeb\src\test\resources
2026-09-15 13:21:58,178 [Worker-27: Building workspace] WARN  o.e.m.c.i.embedder.EclipseLogger - Using platform encoding (Cp1252 actually) to copy filtered resources, i.e. build is platform dependent!
2026-09-15 13:21:58,179 [Worker-27: Building workspace] INFO  o.e.m.c.i.embedder.EclipseLogger - Copying 0 resource
2026-09-15 13:21:58,179 [Worker-27: Building workspace] WARN  o.e.m.c.i.embedder.EclipseLogger - Using platform encoding (Cp1252 actually) to copy filtered resources, i.e. build is platform dependent!
2026-09-15 13:21:58,179 [Worker-27: Building workspace] INFO  o.e.m.c.i.embedder.EclipseLogger - skip non existing resourceDirectory D:\Rays\WorkSpaces\Interviews\DynamicWeb\src\test\resources
2026-09-15 13:22:26,784 [Worker-29: Building workspace] WARN  o.e.m.c.i.embedder.EclipseLogger - Using platform encoding (Cp1252 actually) to copy filtered resources, i.e. build is platform dependent!
2026-09-15 13:22:26,785 [Worker-29: Building workspace] INFO  o.e.m.c.i.embedder.EclipseLogger - Copying 0 resource
2026-09-15 13:22:26,785 [Worker-29: Building workspace] WARN  o.e.m.c.i.embedder.EclipseLogger - Using platform encoding (Cp1252 actually) to copy filtered resources, i.e. build is platform dependent!
2026-09-15 13:22:26,786 [Worker-29: Building workspace] INFO  o.e.m.c.i.embedder.EclipseLogger - skip non existing resourceDirectory D:\Rays\WorkSpaces\Interviews\DynamicWeb\src\test\resources
2026-09-15 13:22:34,599 [Worker-24: Building workspace] WARN  o.e.m.c.i.embedder.EclipseLogger - Using platform encoding (Cp1252 actually) to copy filtered resources, i.e. build is platform dependent!
2026-09-15 13:22:34,601 [Worker-24: Building workspace] INFO  o.e.m.c.i.embedder.EclipseLogger - Copying 0 resource
2026-09-15 13:22:34,602 [Worker-24: Building workspace] WARN  o.e.m.c.i.embedder.EclipseLogger - Using platform encoding (Cp1252 actually) to copy filtered resources, i.e. build is platform dependent!
2026-09-15 13:22:34,603 [Worker-24: Building workspace] INFO  o.e.m.c.i.embedder.EclipseLogger - skip non existing resourceDirectory D:\Rays\WorkSpaces\Interviews\DynamicWeb\src\test\resources
2026-09-15 13:23:30,093 [Worker-28: Building workspace] WARN  o.e.m.c.i.embedder.EclipseLogger - Using platform encoding (Cp1252 actually) to copy filtered resources, i.e. build is platform dependent!
2026-09-15 13:23:30,094 [Worker-28: Building workspace] INFO  o.e.m.c.i.embedder.EclipseLogger - Copying 0 resource
2026-09-15 13:23:30,095 [Worker-28: Building workspace] WARN  o.e.m.c.i.embedder.EclipseLogger - Using platform encoding (Cp1252 actually) to copy filtered resources, i.e. build is platform dependent!
2026-09-15 13:23:30,096 [Worker-28: Building workspace] INFO  o.e.m.c.i.embedder.EclipseLogger - skip non existing resourceDirectory D:\Rays\WorkSpaces\Interviews\DynamicWeb\src\test\resources
2026-09-15 13:23:59,743 [Worker-23: Building workspace] WARN  o.e.m.c.i.embedder.EclipseLogger - Using platform encoding (Cp1252 actually) to copy filtered resources, i.e. build is platform dependent!
2026-09-15 13:23:59,744 [Worker-23: Building workspace] INFO  o.e.m.c.i.embedder.EclipseLogger - Copying 0 resource
2026-09-15 13:23:59,744 [Worker-23: Building workspace] WARN  o.e.m.c.i.embedder.EclipseLogger - Using platform encoding (Cp1252 actually) to copy filtered resources, i.e. build is platform dependent!
2026-09-15 13:23:59,745 [Worker-23: Building workspace] INFO  o.e.m.c.i.embedder.EclipseLogger - skip non existing resourceDirectory D:\Rays\WorkSpaces\Interviews\DynamicWeb\src\test\resources
2026-09-15 13:24:16,196 [Worker-27: Building workspace] WARN  o.e.m.c.i.embedder.EclipseLogger - Using platform encoding (Cp1252 actually) to copy filtered resources, i.e. build is platform dependent!
2026-09-15 13:24:16,197 [Worker-27: Building workspace] INFO  o.e.m.c.i.embedder.EclipseLogger - Copying 0 resource
2026-09-15 13:24:16,198 [Worker-27: Building workspace] WARN  o.e.m.c.i.embedder.EclipseLogger - Using platform encoding (Cp1252 actually) to copy filtered resources, i.e. build is platform dependent!
2026-09-15 13:24:16,198 [Worker-27: Building workspace] INFO  o.e.m.c.i.embedder.EclipseLogger - skip non existing resourceDirectory D:\Rays\WorkSpaces\Interviews\DynamicWeb\src\test\resources
2026-09-15 13:26:58,646 [Worker-24: Building workspace] WARN  o.e.m.c.i.embedder.EclipseLogger - Using platform encoding (Cp1252 actually) to copy filtered resources, i.e. build is platform dependent!
2026-09-15 13:26:58,646 [Worker-24: Building workspace] INFO  o.e.m.c.i.embedder.EclipseLogger - Copying 0 resource
2026-09-15 13:26:58,647 [Worker-24: Building workspace] WARN  o.e.m.c.i.embedder.EclipseLogger - Using platform encoding (Cp1252 actually) to copy filtered resources, i.e. build is platform dependent!
2026-09-15 13:26:58,647 [Worker-24: Building workspace] INFO  o.e.m.c.i.embedder.EclipseLogger - skip non existing resourceDirectory D:\Rays\WorkSpaces\Interviews\DynamicWeb\src\test\resources
2026-09-15 13:27:54,635 [Worker-24: Building workspace] WARN  o.e.m.c.i.embedder.EclipseLogger - Using platform encoding (Cp1252 actually) to copy filtered resources, i.e. build is platform dependent!
2026-09-15 13:27:54,636 [Worker-24: Building workspace] INFO  o.e.m.c.i.embedder.EclipseLogger - Copying 0 resource
2026-09-15 13:27:54,636 [Worker-24: Building workspace] WARN  o.e.m.c.i.embedder.EclipseLogger - Using platform encoding (Cp1252 actually) to copy filtered resources, i.e. build is platform dependent!
2026-09-15 13:27:54,637 [Worker-24: Building workspace] INFO  o.e.m.c.i.embedder.EclipseLogger - skip non existing resourceDirectory D:\Rays\WorkSpaces\Interviews\DynamicWeb\src\test\resources
2026-09-15 13:28:18,895 [Worker-33: Building workspace] WARN  o.e.m.c.i.embedder.EclipseLogger - Using platform encoding (Cp1252 actually) to copy filtered resources, i.e. build is platform dependent!
2026-09-15 13:28:18,896 [Worker-33: Building workspace] INFO  o.e.m.c.i.embedder.EclipseLogger - Copying 0 resource
2026-09-15 13:28:18,897 [Worker-33: Building workspace] WARN  o.e.m.c.i.embedder.EclipseLogger - Using platform encoding (Cp1252 actually) to copy filtered resources, i.e. build is platform dependent!
2026-09-15 13:28:18,898 [Worker-33: Building workspace] INFO  o.e.m.c.i.embedder.EclipseLogger - skip non existing resourceDirectory D:\Rays\WorkSpaces\Interviews\DynamicWeb\src\test\resources
2026-09-15 13:28:43,922 [Worker-24: Building workspace] WARN  o.e.m.c.i.embedder.EclipseLogger - Using platform encoding (Cp1252 actually) to copy filtered resources, i.e. build is platform dependent!
2026-09-15 13:28:43,924 [Worker-24: Building workspace] INFO  o.e.m.c.i.embedder.EclipseLogger - Copying 0 resource
2026-09-15 13:28:43,925 [Worker-24: Building workspace] WARN  o.e.m.c.i.embedder.EclipseLogger - Using platform encoding (Cp1252 actually) to copy filtered resources, i.e. build is platform dependent!
2026-09-15 13:28:43,925 [Worker-24: Building workspace] INFO  o.e.m.c.i.embedder.EclipseLogger - skip non existing resourceDirectory D:\Rays\WorkSpaces\Interviews\DynamicWeb\src\test\resources
2026-09-15 13:29:08,584 [Worker-24: Building workspace] WARN  o.e.m.c.i.embedder.EclipseLogger - Using platform encoding (Cp1252 actually) to copy filtered resources, i.e. build is platform dependent!
2026-09-15 13:29:08,585 [Worker-24: Building workspace] INFO  o.e.m.c.i.embedder.EclipseLogger - Copying 0 resource
2026-09-15 13:29:08,586 [Worker-24: Building workspace] WARN  o.e.m.c.i.embedder.EclipseLogger - Using platform encoding (Cp1252 actually) to copy filtered resources, i.e. build is platform dependent!
2026-09-15 13:29:08,587 [Worker-24: Building workspace] INFO  o.e.m.c.i.embedder.EclipseLogger - skip non existing resourceDirectory D:\Rays\WorkSpaces\Interviews\DynamicWeb\src\test\resources
2026-09-15 13:29:30,639 [Worker-25: Building workspace] WARN  o.e.m.c.i.embedder.EclipseLogger - Using platform encoding (Cp1252 actually) to copy filtered resources, i.e. build is platform dependent!
2026-09-15 13:29:30,640 [Worker-25: Building workspace] INFO  o.e.m.c.i.embedder.EclipseLogger - Copying 0 resource
2026-09-15 13:29:30,641 [Worker-25: Building workspace] WARN  o.e.m.c.i.embedder.EclipseLogger - Using platform encoding (Cp1252 actually) to copy filtered resources, i.e. build is platform dependent!
2026-09-15 13:29:30,641 [Worker-25: Building workspace] INFO  o.e.m.c.i.embedder.EclipseLogger - skip non existing resourceDirectory D:\Rays\WorkSpaces\Interviews\DynamicWeb\src\test\resources
2026-09-15 13:29:39,524 [Worker-25: Building workspace] WARN  o.e.m.c.i.embedder.EclipseLogger - Using platform encoding (Cp1252 actually) to copy filtered resources, i.e. build is platform dependent!
2026-09-15 13:29:39,526 [Worker-25: Building workspace] INFO  o.e.m.c.i.embedder.EclipseLogger - Copying 0 resource
2026-09-15 13:29:39,529 [Worker-25: Building workspace] WARN  o.e.m.c.i.embedder.EclipseLogger - Using platform encoding (Cp1252 actually) to copy filtered resources, i.e. build is platform dependent!
2026-09-15 13:29:39,530 [Worker-25: Building workspace] INFO  o.e.m.c.i.embedder.EclipseLogger - skip non existing resourceDirectory D:\Rays\WorkSpaces\Interviews\DynamicWeb\src\test\resources
2026-09-15 13:30:08,150 [Worker-24: Building workspace] WARN  o.e.m.c.i.embedder.EclipseLogger - Using platform encoding (Cp1252 actually) to copy filtered resources, i.e. build is platform dependent!
2026-09-15 13:30:08,151 [Worker-24: Building workspace] INFO  o.e.m.c.i.embedder.EclipseLogger - Copying 0 resource
2026-09-15 13:30:08,152 [Worker-24: Building workspace] WARN  o.e.m.c.i.embedder.EclipseLogger - Using platform encoding (Cp1252 actually) to copy filtered resources, i.e. build is platform dependent!
2026-09-15 13:30:08,153 [Worker-24: Building workspace] INFO  o.e.m.c.i.embedder.EclipseLogger - skip non existing resourceDirectory D:\Rays\WorkSpaces\Interviews\DynamicWeb\src\test\resources
2026-09-15 13:30:59,997 [Worker-31: Building workspace] WARN  o.e.m.c.i.embedder.EclipseLogger - Using platform encoding (Cp1252 actually) to copy filtered resources, i.e. build is platform dependent!
2026-09-15 13:30:59,998 [Worker-31: Building workspace] INFO  o.e.m.c.i.embedder.EclipseLogger - Copying 0 resource
2026-09-15 13:30:59,998 [Worker-31: Building workspace] WARN  o.e.m.c.i.embedder.EclipseLogger - Using platform encoding (Cp1252 actually) to copy filtered resources, i.e. build is platform dependent!
2026-09-15 13:30:59,998 [Worker-31: Building workspace] INFO  o.e.m.c.i.embedder.EclipseLogger - skip non existing resourceDirectory D:\Rays\WorkSpaces\Interviews\DynamicWeb\src\test\resources
2026-09-15 13:32:33,719 [Worker-31: Building workspace] WARN  o.e.m.c.i.embedder.EclipseLogger - Using platform encoding (Cp1252 actually) to copy filtered resources, i.e. build is platform dependent!
2026-09-15 13:32:33,720 [Worker-31: Building workspace] INFO  o.e.m.c.i.embedder.EclipseLogger - Copying 0 resource
2026-09-15 13:32:33,720 [Worker-31: Building workspace] WARN  o.e.m.c.i.embedder.EclipseLogger - Using platform encoding (Cp1252 actually) to copy filtered resources, i.e. build is platform dependent!
2026-09-15 13:32:33,721 [Worker-31: Building workspace] INFO  o.e.m.c.i.embedder.EclipseLogger - skip non existing resourceDirectory D:\Rays\WorkSpaces\Interviews\DynamicWeb\src\test\resources
2026-09-15 13:33:13,196 [Worker-31: Building workspace] WARN  o.e.m.c.i.embedder.EclipseLogger - Using platform encoding (Cp1252 actually) to copy filtered resources, i.e. build is platform dependent!
2026-09-15 13:33:13,197 [Worker-31: Building workspace] INFO  o.e.m.c.i.embedder.EclipseLogger - Copying 0 resource
2026-09-15 13:33:13,198 [Worker-31: Building workspace] WARN  o.e.m.c.i.embedder.EclipseLogger - Using platform encoding (Cp1252 actually) to copy filtered resources, i.e. build is platform dependent!
2026-09-15 13:33:13,198 [Worker-31: Building workspace] INFO  o.e.m.c.i.embedder.EclipseLogger - skip non existing resourceDirectory D:\Rays\WorkSpaces\Interviews\DynamicWeb\src\test\resources
2026-09-15 13:33:19,965 [Worker-32: Building workspace] WARN  o.e.m.c.i.embedder.EclipseLogger - Using platform encoding (Cp1252 actually) to copy filtered resources, i.e. build is platform dependent!
2026-09-15 13:33:19,966 [Worker-32: Building workspace] INFO  o.e.m.c.i.embedder.EclipseLogger - Copying 0 resource
2026-09-15 13:33:19,967 [Worker-32: Building workspace] WARN  o.e.m.c.i.embedder.EclipseLogger - Using platform encoding (Cp1252 actually) to copy filtered resources, i.e. build is platform dependent!
2026-09-15 13:33:19,968 [Worker-32: Building workspace] INFO  o.e.m.c.i.embedder.EclipseLogger - skip non existing resourceDirectory D:\Rays\WorkSpaces\Interviews\DynamicWeb\src\test\resources
2026-09-15 13:35:46,950 [Worker-35: Building workspace] WARN  o.e.m.c.i.embedder.EclipseLogger - Using platform encoding (Cp1252 actually) to copy filtered resources, i.e. build is platform dependent!
2026-09-15 13:35:46,951 [Worker-35: Building workspace] INFO  o.e.m.c.i.embedder.EclipseLogger - Copying 0 resource
2026-09-15 13:35:46,952 [Worker-35: Building workspace] WARN  o.e.m.c.i.embedder.EclipseLogger - Using platform encoding (Cp1252 actually) to copy filtered resources, i.e. build is platform dependent!
2026-09-15 13:35:46,952 [Worker-35: Building workspace] INFO  o.e.m.c.i.embedder.EclipseLogger - skip non existing resourceDirectory D:\Rays\WorkSpaces\Interviews\DynamicWeb\src\test\resources
2026-09-15 13:36:58,223 [Worker-38: Building workspace] WARN  o.e.m.c.i.embedder.EclipseLogger - Using platform encoding (Cp1252 actually) to copy filtered resources, i.e. build is platform dependent!
2026-09-15 13:36:58,223 [Worker-38: Building workspace] INFO  o.e.m.c.i.embedder.EclipseLogger - Copying 0 resource
2026-09-15 13:36:58,224 [Worker-38: Building workspace] WARN  o.e.m.c.i.embedder.EclipseLogger - Using platform encoding (Cp1252 actually) to copy filtered resources, i.e. build is platform dependent!
2026-09-15 13:36:58,225 [Worker-38: Building workspace] INFO  o.e.m.c.i.embedder.EclipseLogger - skip non existing resourceDirectory D:\Rays\WorkSpaces\Interviews\DynamicWeb\src\test\resources
2026-09-15 13:37:13,979 [Worker-37: Building workspace] WARN  o.e.m.c.i.embedder.EclipseLogger - Using platform encoding (Cp1252 actually) to copy filtered resources, i.e. build is platform dependent!
2026-09-15 13:37:13,980 [Worker-37: Building workspace] INFO  o.e.m.c.i.embedder.EclipseLogger - Copying 0 resource
2026-09-15 13:37:13,981 [Worker-37: Building workspace] WARN  o.e.m.c.i.embedder.EclipseLogger - Using platform encoding (Cp1252 actually) to copy filtered resources, i.e. build is platform dependent!
2026-09-15 13:37:13,981 [Worker-37: Building workspace] INFO  o.e.m.c.i.embedder.EclipseLogger - skip non existing resourceDirectory D:\Rays\WorkSpaces\Interviews\DynamicWeb\src\test\resources
2026-09-15 13:37:37,857 [Worker-35: Building workspace] WARN  o.e.m.c.i.embedder.EclipseLogger - Using platform encoding (Cp1252 actually) to copy filtered resources, i.e. build is platform dependent!
2026-09-15 13:37:37,858 [Worker-35: Building workspace] INFO  o.e.m.c.i.embedder.EclipseLogger - Copying 0 resource
2026-09-15 13:37:37,858 [Worker-35: Building workspace] WARN  o.e.m.c.i.embedder.EclipseLogger - Using platform encoding (Cp1252 actually) to copy filtered resources, i.e. build is platform dependent!
2026-09-15 13:37:37,860 [Worker-35: Building workspace] INFO  o.e.m.c.i.embedder.EclipseLogger - skip non existing resourceDirectory D:\Rays\WorkSpaces\Interviews\DynamicWeb\src\test\resources
2026-09-15 13:37:46,062 [Worker-37: Building workspace] WARN  o.e.m.c.i.embedder.EclipseLogger - Using platform encoding (Cp1252 actually) to copy filtered resources, i.e. build is platform dependent!
2026-09-15 13:37:46,063 [Worker-37: Building workspace] INFO  o.e.m.c.i.embedder.EclipseLogger - Copying 0 resource
2026-09-15 13:37:46,064 [Worker-37: Building workspace] WARN  o.e.m.c.i.embedder.EclipseLogger - Using platform encoding (Cp1252 actually) to copy filtered resources, i.e. build is platform dependent!
2026-09-15 13:37:46,065 [Worker-37: Building workspace] INFO  o.e.m.c.i.embedder.EclipseLogger - skip non existing resourceDirectory D:\Rays\WorkSpaces\Interviews\DynamicWeb\src\test\resources
2026-09-15 13:38:04,656 [Worker-36: Building workspace] WARN  o.e.m.c.i.embedder.EclipseLogger - Using platform encoding (Cp1252 actually) to copy filtered resources, i.e. build is platform dependent!
2026-09-15 13:38:04,657 [Worker-36: Building workspace] INFO  o.e.m.c.i.embedder.EclipseLogger - Copying 0 resource
2026-09-15 13:38:04,658 [Worker-36: Building workspace] WARN  o.e.m.c.i.embedder.EclipseLogger - Using platform encoding (Cp1252 actually) to copy filtered resources, i.e. build is platform dependent!
2026-09-15 13:38:04,659 [Worker-36: Building workspace] INFO  o.e.m.c.i.embedder.EclipseLogger - skip non existing resourceDirectory D:\Rays\WorkSpaces\Interviews\DynamicWeb\src\test\resources
2026-09-15 13:38:11,637 [Worker-37: Building workspace] WARN  o.e.m.c.i.embedder.EclipseLogger - Using platform encoding (Cp1252 actually) to copy filtered resources, i.e. build is platform dependent!
2026-09-15 13:38:11,638 [Worker-37: Building workspace] INFO  o.e.m.c.i.embedder.EclipseLogger - Copying 0 resource
2026-09-15 13:38:11,639 [Worker-37: Building workspace] WARN  o.e.m.c.i.embedder.EclipseLogger - Using platform encoding (Cp1252 actually) to copy filtered resources, i.e. build is platform dependent!
2026-09-15 13:38:11,640 [Worker-37: Building workspace] INFO  o.e.m.c.i.embedder.EclipseLogger - skip non existing resourceDirectory D:\Rays\WorkSpaces\Interviews\DynamicWeb\src\test\resources
2026-09-15 13:38:22,735 [Worker-25: Building workspace] WARN  o.e.m.c.i.embedder.EclipseLogger - Using platform encoding (Cp1252 actually) to copy filtered resources, i.e. build is platform dependent!
2026-09-15 13:38:22,736 [Worker-25: Building workspace] INFO  o.e.m.c.i.embedder.EclipseLogger - Copying 0 resource
2026-09-15 13:38:22,737 [Worker-25: Building workspace] WARN  o.e.m.c.i.embedder.EclipseLogger - Using platform encoding (Cp1252 actually) to copy filtered resources, i.e. build is platform dependent!
2026-09-15 13:38:22,739 [Worker-25: Building workspace] INFO  o.e.m.c.i.embedder.EclipseLogger - skip non existing resourceDirectory D:\Rays\WorkSpaces\Interviews\DynamicWeb\src\test\resources
2026-09-15 13:40:53,108 [Worker-37: Building workspace] WARN  o.e.m.c.i.embedder.EclipseLogger - Using platform encoding (Cp1252 actually) to copy filtered resources, i.e. build is platform dependent!
2026-09-15 13:40:53,108 [Worker-37: Building workspace] INFO  o.e.m.c.i.embedder.EclipseLogger - Copying 0 resource
2026-09-15 13:40:53,109 [Worker-37: Building workspace] WARN  o.e.m.c.i.embedder.EclipseLogger - Using platform encoding (Cp1252 actually) to copy filtered resources, i.e. build is platform dependent!
2026-09-15 13:40:53,110 [Worker-37: Building workspace] INFO  o.e.m.c.i.embedder.EclipseLogger - skip non existing resourceDirectory D:\Rays\WorkSpaces\Interviews\DynamicWeb\src\test\resources
2026-09-15 13:41:09,126 [Worker-37: Building workspace] WARN  o.e.m.c.i.embedder.EclipseLogger - Using platform encoding (Cp1252 actually) to copy filtered resources, i.e. build is platform dependent!
2026-09-15 13:41:09,126 [Worker-37: Building workspace] INFO  o.e.m.c.i.embedder.EclipseLogger - Copying 0 resource
2026-09-15 13:41:09,127 [Worker-37: Building workspace] WARN  o.e.m.c.i.embedder.EclipseLogger - Using platform encoding (Cp1252 actually) to copy filtered resources, i.e. build is platform dependent!
2026-09-15 13:41:09,128 [Worker-37: Building workspace] INFO  o.e.m.c.i.embedder.EclipseLogger - skip non existing resourceDirectory D:\Rays\WorkSpaces\Interviews\DynamicWeb\src\test\resources
2026-09-15 13:41:11,175 [Worker-39: Building workspace] WARN  o.e.m.c.i.embedder.EclipseLogger - Using platform encoding (Cp1252 actually) to copy filtered resources, i.e. build is platform dependent!
2026-09-15 13:41:11,177 [Worker-39: Building workspace] INFO  o.e.m.c.i.embedder.EclipseLogger - Copying 0 resource
2026-09-15 13:41:11,178 [Worker-39: Building workspace] WARN  o.e.m.c.i.embedder.EclipseLogger - Using platform encoding (Cp1252 actually) to copy filtered resources, i.e. build is platform dependent!
2026-09-15 13:41:11,180 [Worker-39: Building workspace] INFO  o.e.m.c.i.embedder.EclipseLogger - skip non existing resourceDirectory D:\Rays\WorkSpaces\Interviews\DynamicWeb\src\test\resources
2026-09-15 13:42:31,764 [Worker-39: Building workspace] WARN  o.e.m.c.i.embedder.EclipseLogger - Using platform encoding (Cp1252 actually) to copy filtered resources, i.e. build is platform dependent!
2026-09-15 13:42:31,765 [Worker-39: Building workspace] INFO  o.e.m.c.i.embedder.EclipseLogger - Copying 0 resource
2026-09-15 13:42:31,766 [Worker-39: Building workspace] WARN  o.e.m.c.i.embedder.EclipseLogger - Using platform encoding (Cp1252 actually) to copy filtered resources, i.e. build is platform dependent!
2026-09-15 13:42:31,766 [Worker-39: Building workspace] INFO  o.e.m.c.i.embedder.EclipseLogger - skip non existing resourceDirectory D:\Rays\WorkSpaces\Interviews\DynamicWeb\src\test\resources
2026-09-15 13:43:18,412 [Worker-25: Building workspace] WARN  o.e.m.c.i.embedder.EclipseLogger - Using platform encoding (Cp1252 actually) to copy filtered resources, i.e. build is platform dependent!
2026-09-15 13:43:18,413 [Worker-25: Building workspace] INFO  o.e.m.c.i.embedder.EclipseLogger - Copying 0 resource
2026-09-15 13:43:18,413 [Worker-25: Building workspace] WARN  o.e.m.c.i.embedder.EclipseLogger - Using platform encoding (Cp1252 actually) to copy filtered resources, i.e. build is platform dependent!
2026-09-15 13:43:18,414 [Worker-25: Building workspace] INFO  o.e.m.c.i.embedder.EclipseLogger - skip non existing resourceDirectory D:\Rays\WorkSpaces\Interviews\DynamicWeb\src\test\resources
2026-09-15 13:43:56,627 [Worker-40: Building workspace] WARN  o.e.m.c.i.embedder.EclipseLogger - Using platform encoding (Cp1252 actually) to copy filtered resources, i.e. build is platform dependent!
2026-09-15 13:43:56,628 [Worker-40: Building workspace] INFO  o.e.m.c.i.embedder.EclipseLogger - Copying 0 resource
2026-09-15 13:43:56,629 [Worker-40: Building workspace] WARN  o.e.m.c.i.embedder.EclipseLogger - Using platform encoding (Cp1252 actually) to copy filtered resources, i.e. build is platform dependent!
2026-09-15 13:43:56,629 [Worker-40: Building workspace] INFO  o.e.m.c.i.embedder.EclipseLogger - skip non existing resourceDirectory D:\Rays\WorkSpaces\Interviews\DynamicWeb\src\test\resources
2026-09-15 13:44:39,449 [Worker-40: Building workspace] WARN  o.e.m.c.i.embedder.EclipseLogger - Using platform encoding (Cp1252 actually) to copy filtered resources, i.e. build is platform dependent!
2026-09-15 13:44:39,451 [Worker-40: Building workspace] INFO  o.e.m.c.i.embedder.EclipseLogger - Copying 0 resource
2026-09-15 13:44:39,452 [Worker-40: Building workspace] WARN  o.e.m.c.i.embedder.EclipseLogger - Using platform encoding (Cp1252 actually) to copy filtered resources, i.e. build is platform dependent!
2026-09-15 13:44:39,452 [Worker-40: Building workspace] INFO  o.e.m.c.i.embedder.EclipseLogger - skip non existing resourceDirectory D:\Rays\WorkSpaces\Interviews\DynamicWeb\src\test\resources
2026-09-15 13:44:41,878 [Worker-34: Building workspace] WARN  o.e.m.c.i.embedder.EclipseLogger - Using platform encoding (Cp1252 actually) to copy filtered resources, i.e. build is platform dependent!
2026-09-15 13:44:41,880 [Worker-34: Building workspace] INFO  o.e.m.c.i.embedder.EclipseLogger - Copying 0 resource
2026-09-15 13:44:41,881 [Worker-34: Building workspace] WARN  o.e.m.c.i.embedder.EclipseLogger - Using platform encoding (Cp1252 actually) to copy filtered resources, i.e. build is platform dependent!
2026-09-15 13:44:41,882 [Worker-34: Building workspace] INFO  o.e.m.c.i.embedder.EclipseLogger - skip non existing resourceDirectory D:\Rays\WorkSpaces\Interviews\DynamicWeb\src\test\resources
2026-09-15 13:44:54,192 [Worker-39: Building workspace] WARN  o.e.m.c.i.embedder.EclipseLogger - Using platform encoding (Cp1252 actually) to copy filtered resources, i.e. build is platform dependent!
2026-09-15 13:44:54,193 [Worker-39: Building workspace] INFO  o.e.m.c.i.embedder.EclipseLogger - Copying 0 resource
2026-09-15 13:44:54,194 [Worker-39: Building workspace] WARN  o.e.m.c.i.embedder.EclipseLogger - Using platform encoding (Cp1252 actually) to copy filtered resources, i.e. build is platform dependent!
2026-09-15 13:44:54,195 [Worker-39: Building workspace] INFO  o.e.m.c.i.embedder.EclipseLogger - skip non existing resourceDirectory D:\Rays\WorkSpaces\Interviews\DynamicWeb\src\test\resources
2026-09-15 13:46:00,584 [Worker-37: Building workspace] WARN  o.e.m.c.i.embedder.EclipseLogger - Using platform encoding (Cp1252 actually) to copy filtered resources, i.e. build is platform dependent!
2026-09-15 13:46:00,585 [Worker-37: Building workspace] INFO  o.e.m.c.i.embedder.EclipseLogger - Copying 0 resource
2026-09-15 13:46:00,586 [Worker-37: Building workspace] WARN  o.e.m.c.i.embedder.EclipseLogger - Using platform encoding (Cp1252 actually) to copy filtered resources, i.e. build is platform dependent!
2026-09-15 13:46:00,587 [Worker-37: Building workspace] INFO  o.e.m.c.i.embedder.EclipseLogger - skip non existing resourceDirectory D:\Rays\WorkSpaces\Interviews\DynamicWeb\src\test\resources
2026-09-15 13:46:22,435 [Worker-35: Building workspace] WARN  o.e.m.c.i.embedder.EclipseLogger - Using platform encoding (Cp1252 actually) to copy filtered resources, i.e. build is platform dependent!
2026-09-15 13:46:22,435 [Worker-35: Building workspace] INFO  o.e.m.c.i.embedder.EclipseLogger - Copying 0 resource
2026-09-15 13:46:22,436 [Worker-35: Building workspace] WARN  o.e.m.c.i.embedder.EclipseLogger - Using platform encoding (Cp1252 actually) to copy filtered resources, i.e. build is platform dependent!
2026-09-15 13:46:22,436 [Worker-35: Building workspace] INFO  o.e.m.c.i.embedder.EclipseLogger - skip non existing resourceDirectory D:\Rays\WorkSpaces\Interviews\DynamicWeb\src\test\resources
2026-09-15 13:46:26,288 [Worker-34: Building workspace] WARN  o.e.m.c.i.embedder.EclipseLogger - Using platform encoding (Cp1252 actually) to copy filtered resources, i.e. build is platform dependent!
2026-09-15 13:46:26,289 [Worker-34: Building workspace] INFO  o.e.m.c.i.embedder.EclipseLogger - Copying 0 resource
2026-09-15 13:46:26,290 [Worker-34: Building workspace] WARN  o.e.m.c.i.embedder.EclipseLogger - Using platform encoding (Cp1252 actually) to copy filtered resources, i.e. build is platform dependent!
2026-09-15 13:46:26,291 [Worker-34: Building workspace] INFO  o.e.m.c.i.embedder.EclipseLogger - skip non existing resourceDirectory D:\Rays\WorkSpaces\Interviews\DynamicWeb\src\test\resources
2026-09-15 13:46:40,042 [Worker-35: Building workspace] WARN  o.e.m.c.i.embedder.EclipseLogger - Using platform encoding (Cp1252 actually) to copy filtered resources, i.e. build is platform dependent!
2026-09-15 13:46:40,043 [Worker-35: Building workspace] INFO  o.e.m.c.i.embedder.EclipseLogger - Copying 0 resource
2026-09-15 13:46:40,044 [Worker-35: Building workspace] WARN  o.e.m.c.i.embedder.EclipseLogger - Using platform encoding (Cp1252 actually) to copy filtered resources, i.e. build is platform dependent!
2026-09-15 13:46:40,045 [Worker-35: Building workspace] INFO  o.e.m.c.i.embedder.EclipseLogger - skip non existing resourceDirectory D:\Rays\WorkSpaces\Interviews\DynamicWeb\src\test\resources
2026-09-15 13:50:18,584 [Worker-42: Building workspace] WARN  o.e.m.c.i.embedder.EclipseLogger - Using platform encoding (Cp1252 actually) to copy filtered resources, i.e. build is platform dependent!
2026-09-15 13:50:18,586 [Worker-42: Building workspace] INFO  o.e.m.c.i.embedder.EclipseLogger - Copying 0 resource
2026-09-15 13:50:18,587 [Worker-42: Building workspace] WARN  o.e.m.c.i.embedder.EclipseLogger - Using platform encoding (Cp1252 actually) to copy filtered resources, i.e. build is platform dependent!
2026-09-15 13:50:18,587 [Worker-42: Building workspace] INFO  o.e.m.c.i.embedder.EclipseLogger - skip non existing resourceDirectory D:\Rays\WorkSpaces\Interviews\DynamicWeb\src\test\resources
2026-09-15 13:50:31,190 [Worker-37: Building workspace] WARN  o.e.m.c.i.embedder.EclipseLogger - Using platform encoding (Cp1252 actually) to copy filtered resources, i.e. build is platform dependent!
2026-09-15 13:50:31,191 [Worker-37: Building workspace] INFO  o.e.m.c.i.embedder.EclipseLogger - Copying 0 resource
2026-09-15 13:50:31,191 [Worker-37: Building workspace] WARN  o.e.m.c.i.embedder.EclipseLogger - Using platform encoding (Cp1252 actually) to copy filtered resources, i.e. build is platform dependent!
2026-09-15 13:50:31,192 [Worker-37: Building workspace] INFO  o.e.m.c.i.embedder.EclipseLogger - skip non existing resourceDirectory D:\Rays\WorkSpaces\Interviews\DynamicWeb\src\test\resources
2026-09-15 13:51:00,260 [Worker-43: Building workspace] WARN  o.e.m.c.i.embedder.EclipseLogger - Using platform encoding (Cp1252 actually) to copy filtered resources, i.e. build is platform dependent!
2026-09-15 13:51:00,261 [Worker-43: Building workspace] INFO  o.e.m.c.i.embedder.EclipseLogger - Copying 0 resource
2026-09-15 13:51:00,262 [Worker-43: Building workspace] WARN  o.e.m.c.i.embedder.EclipseLogger - Using platform encoding (Cp1252 actually) to copy filtered resources, i.e. build is platform dependent!
2026-09-15 13:51:00,262 [Worker-43: Building workspace] INFO  o.e.m.c.i.embedder.EclipseLogger - skip non existing resourceDirectory D:\Rays\WorkSpaces\Interviews\DynamicWeb\src\test\resources
2026-09-15 13:51:38,910 [Worker-41: Building workspace] WARN  o.e.m.c.i.embedder.EclipseLogger - Using platform encoding (Cp1252 actually) to copy filtered resources, i.e. build is platform dependent!
2026-09-15 13:51:38,912 [Worker-41: Building workspace] INFO  o.e.m.c.i.embedder.EclipseLogger - Copying 0 resource
2026-09-15 13:51:38,913 [Worker-41: Building workspace] WARN  o.e.m.c.i.embedder.EclipseLogger - Using platform encoding (Cp1252 actually) to copy filtered resources, i.e. build is platform dependent!
2026-09-15 13:51:38,913 [Worker-41: Building workspace] INFO  o.e.m.c.i.embedder.EclipseLogger - skip non existing resourceDirectory D:\Rays\WorkSpaces\Interviews\DynamicWeb\src\test\resources
2026-09-15 13:52:27,988 [Worker-43: Building workspace] WARN  o.e.m.c.i.embedder.EclipseLogger - Using platform encoding (Cp1252 actually) to copy filtered resources, i.e. build is platform dependent!
2026-09-15 13:52:27,990 [Worker-43: Building workspace] INFO  o.e.m.c.i.embedder.EclipseLogger - Copying 0 resource
2026-09-15 13:52:27,991 [Worker-43: Building workspace] WARN  o.e.m.c.i.embedder.EclipseLogger - Using platform encoding (Cp1252 actually) to copy filtered resources, i.e. build is platform dependent!
2026-09-15 13:52:27,992 [Worker-43: Building workspace] INFO  o.e.m.c.i.embedder.EclipseLogger - skip non existing resourceDirectory D:\Rays\WorkSpaces\Interviews\DynamicWeb\src\test\resources
2026-09-15 21:38:08,867 [Worker-3: Loading available Gradle versions] INFO  o.e.b.c.i.u.g.PublishedGradleVersions - Gradle version information cache is up-to-date. Trying to read.
2026-09-15 21:38:13,757 [Worker-0: Building workspace] WARN  o.e.m.c.i.embedder.EclipseLogger - Using platform encoding (Cp1252 actually) to copy filtered resources, i.e. build is platform dependent!
2026-09-15 21:38:13,764 [Worker-0: Building workspace] INFO  o.e.m.c.i.embedder.EclipseLogger - Copying 0 resource
2026-09-15 21:38:13,767 [Worker-0: Building workspace] WARN  o.e.m.c.i.embedder.EclipseLogger - Using platform encoding (Cp1252 actually) to copy filtered resources, i.e. build is platform dependent!
2026-09-15 21:38:13,768 [Worker-0: Building workspace] INFO  o.e.m.c.i.embedder.EclipseLogger - skip non existing resourceDirectory D:\Rays\WorkSpaces\Interviews\DynamicWeb\src\test\resources
2026-09-15 21:38:30,455 [Worker-9: Building workspace] WARN  o.e.m.c.i.embedder.EclipseLogger - Using platform encoding (Cp1252 actually) to copy filtered resources, i.e. build is platform dependent!
2026-09-15 21:38:30,467 [Worker-9: Building workspace] INFO  o.e.m.c.i.embedder.EclipseLogger - Copying 0 resource
2026-09-15 21:38:30,469 [Worker-9: Building workspace] WARN  o.e.m.c.i.embedder.EclipseLogger - Using platform encoding (Cp1252 actually) to copy filtered resources, i.e. build is platform dependent!
2026-09-15 21:38:30,470 [Worker-9: Building workspace] INFO  o.e.m.c.i.embedder.EclipseLogger - skip non existing resourceDirectory D:\Rays\WorkSpaces\Interviews\DynamicWeb\src\test\resources
2026-09-15 21:38:38,876 [Worker-3: Building workspace] WARN  o.e.m.c.i.embedder.EclipseLogger - Using platform encoding (Cp1252 actually) to copy filtered resources, i.e. build is platform dependent!
2026-09-15 21:38:38,877 [Worker-3: Building workspace] INFO  o.e.m.c.i.embedder.EclipseLogger - Copying 0 resource
2026-09-15 21:38:38,879 [Worker-3: Building workspace] WARN  o.e.m.c.i.embedder.EclipseLogger - Using platform encoding (Cp1252 actually) to copy filtered resources, i.e. build is platform dependent!
2026-09-15 21:38:38,879 [Worker-3: Building workspace] INFO  o.e.m.c.i.embedder.EclipseLogger - skip non existing resourceDirectory D:\Rays\WorkSpaces\Interviews\DynamicWeb\src\test\resources
2026-09-15 21:38:45,355 [Worker-0: Building workspace] WARN  o.e.m.c.i.embedder.EclipseLogger - Using platform encoding (Cp1252 actually) to copy filtered resources, i.e. build is platform dependent!
2026-09-15 21:38:45,357 [Worker-0: Building workspace] INFO  o.e.m.c.i.embedder.EclipseLogger - Copying 0 resource
2026-09-15 21:38:45,358 [Worker-0: Building workspace] WARN  o.e.m.c.i.embedder.EclipseLogger - Using platform encoding (Cp1252 actually) to copy filtered resources, i.e. build is platform dependent!
2026-09-15 21:38:45,359 [Worker-0: Building workspace] INFO  o.e.m.c.i.embedder.EclipseLogger - skip non existing resourceDirectory D:\Rays\WorkSpaces\Interviews\DynamicWeb\src\test\resources
2026-09-15 21:38:52,101 [Worker-2: Building workspace] WARN  o.e.m.c.i.embedder.EclipseLogger - Using platform encoding (Cp1252 actually) to copy filtered resources, i.e. build is platform dependent!
2026-09-15 21:38:52,102 [Worker-2: Building workspace] INFO  o.e.m.c.i.embedder.EclipseLogger - Copying 0 resource
2026-09-15 21:38:52,103 [Worker-2: Building workspace] WARN  o.e.m.c.i.embedder.EclipseLogger - Using platform encoding (Cp1252 actually) to copy filtered resources, i.e. build is platform dependent!
2026-09-15 21:38:52,104 [Worker-2: Building workspace] INFO  o.e.m.c.i.embedder.EclipseLogger - skip non existing resourceDirectory D:\Rays\WorkSpaces\Interviews\DynamicWeb\src\test\resources
2026-09-15 21:39:53,052 [Worker-7: Building workspace] WARN  o.e.m.c.i.embedder.EclipseLogger - Using platform encoding (Cp1252 actually) to copy filtered resources, i.e. build is platform dependent!
2026-09-15 21:39:53,053 [Worker-7: Building workspace] INFO  o.e.m.c.i.embedder.EclipseLogger - Copying 0 resource
2026-09-15 21:39:53,055 [Worker-7: Building workspace] WARN  o.e.m.c.i.embedder.EclipseLogger - Using platform encoding (Cp1252 actually) to copy filtered resources, i.e. build is platform dependent!
2026-09-15 21:39:53,056 [Worker-7: Building workspace] INFO  o.e.m.c.i.embedder.EclipseLogger - skip non existing resourceDirectory D:\Rays\WorkSpaces\Interviews\DynamicWeb\src\test\resources
2026-09-15 21:39:56,794 [Worker-5: Building workspace] WARN  o.e.m.c.i.embedder.EclipseLogger - Using platform encoding (Cp1252 actually) to copy filtered resources, i.e. build is platform dependent!
2026-09-15 21:39:56,796 [Worker-5: Building workspace] INFO  o.e.m.c.i.embedder.EclipseLogger - Copying 0 resource
2026-09-15 21:39:56,797 [Worker-5: Building workspace] WARN  o.e.m.c.i.embedder.EclipseLogger - Using platform encoding (Cp1252 actually) to copy filtered resources, i.e. build is platform dependent!
2026-09-15 21:39:56,798 [Worker-5: Building workspace] INFO  o.e.m.c.i.embedder.EclipseLogger - skip non existing resourceDirectory D:\Rays\WorkSpaces\Interviews\DynamicWeb\src\test\resources
2026-09-15 22:09:36,358 [Worker-15: Building workspace] WARN  o.e.m.c.i.embedder.EclipseLogger - Using platform encoding (Cp1252 actually) to copy filtered resources, i.e. build is platform dependent!
2026-09-15 22:09:36,361 [Worker-15: Building workspace] INFO  o.e.m.c.i.embedder.EclipseLogger - Copying 0 resource
2026-09-15 22:09:36,362 [Worker-15: Building workspace] WARN  o.e.m.c.i.embedder.EclipseLogger - Using platform encoding (Cp1252 actually) to copy filtered resources, i.e. build is platform dependent!
2026-09-15 22:09:36,363 [Worker-15: Building workspace] INFO  o.e.m.c.i.embedder.EclipseLogger - skip non existing resourceDirectory D:\Rays\WorkSpaces\Interviews\DynamicWeb\src\test\resources
2026-09-15 22:09:52,024 [Worker-0: Building workspace] WARN  o.e.m.c.i.embedder.EclipseLogger - Using platform encoding (Cp1252 actually) to copy filtered resources, i.e. build is platform dependent!
2026-09-15 22:09:52,026 [Worker-0: Building workspace] INFO  o.e.m.c.i.embedder.EclipseLogger - Copying 0 resource
2026-09-15 22:09:52,028 [Worker-0: Building workspace] WARN  o.e.m.c.i.embedder.EclipseLogger - Using platform encoding (Cp1252 actually) to copy filtered resources, i.e. build is platform dependent!
2026-09-15 22:09:52,030 [Worker-0: Building workspace] INFO  o.e.m.c.i.embedder.EclipseLogger - skip non existing resourceDirectory D:\Rays\WorkSpaces\Interviews\DynamicWeb\src\test\resources
2026-09-15 22:10:24,167 [Worker-0: Building workspace] WARN  o.e.m.c.i.embedder.EclipseLogger - Using platform encoding (Cp1252 actually) to copy filtered resources, i.e. build is platform dependent!
2026-09-15 22:10:24,168 [Worker-0: Building workspace] INFO  o.e.m.c.i.embedder.EclipseLogger - Copying 0 resource
2026-09-15 22:10:24,170 [Worker-0: Building workspace] WARN  o.e.m.c.i.embedder.EclipseLogger - Using platform encoding (Cp1252 actually) to copy filtered resources, i.e. build is platform dependent!
2026-09-15 22:10:24,171 [Worker-0: Building workspace] INFO  o.e.m.c.i.embedder.EclipseLogger - skip non existing resourceDirectory D:\Rays\WorkSpaces\Interviews\DynamicWeb\src\test\resources
2026-09-15 22:11:24,278 [Worker-0: Building workspace] WARN  o.e.m.c.i.embedder.EclipseLogger - Using platform encoding (Cp1252 actually) to copy filtered resources, i.e. build is platform dependent!
2026-09-15 22:11:24,284 [Worker-0: Building workspace] INFO  o.e.m.c.i.embedder.EclipseLogger - Copying 0 resource
2026-09-15 22:11:24,285 [Worker-0: Building workspace] WARN  o.e.m.c.i.embedder.EclipseLogger - Using platform encoding (Cp1252 actually) to copy filtered resources, i.e. build is platform dependent!
2026-09-15 22:11:24,286 [Worker-0: Building workspace] INFO  o.e.m.c.i.embedder.EclipseLogger - skip non existing resourceDirectory D:\Rays\WorkSpaces\Interviews\DynamicWeb\src\test\resources
2026-09-15 22:11:56,082 [Worker-0: Building workspace] WARN  o.e.m.c.i.embedder.EclipseLogger - Using platform encoding (Cp1252 actually) to copy filtered resources, i.e. build is platform dependent!
2026-09-15 22:11:56,084 [Worker-0: Building workspace] INFO  o.e.m.c.i.embedder.EclipseLogger - Copying 0 resource
2026-09-15 22:11:56,085 [Worker-0: Building workspace] WARN  o.e.m.c.i.embedder.EclipseLogger - Using platform encoding (Cp1252 actually) to copy filtered resources, i.e. build is platform dependent!
2026-09-15 22:11:56,086 [Worker-0: Building workspace] INFO  o.e.m.c.i.embedder.EclipseLogger - skip non existing resourceDirectory D:\Rays\WorkSpaces\Interviews\DynamicWeb\src\test\resources
2026-09-15 22:12:39,248 [Worker-20: Building workspace] WARN  o.e.m.c.i.embedder.EclipseLogger - Using platform encoding (Cp1252 actually) to copy filtered resources, i.e. build is platform dependent!
2026-09-15 22:12:39,252 [Worker-20: Building workspace] INFO  o.e.m.c.i.embedder.EclipseLogger - Copying 1 resource
2026-09-15 22:12:39,269 [Worker-20: Building workspace] WARN  o.e.m.c.i.embedder.EclipseLogger - Using platform encoding (Cp1252 actually) to copy filtered resources, i.e. build is platform dependent!
2026-09-15 22:12:39,270 [Worker-20: Building workspace] INFO  o.e.m.c.i.embedder.EclipseLogger - skip non existing resourceDirectory D:\Rays\WorkSpaces\Interviews\DynamicWeb\src\test\resources
2026-09-15 22:13:41,175 [Worker-0: Building workspace] WARN  o.e.m.c.i.embedder.EclipseLogger - Using platform encoding (Cp1252 actually) to copy filtered resources, i.e. build is platform dependent!
2026-09-15 22:13:41,177 [Worker-0: Building workspace] INFO  o.e.m.c.i.embedder.EclipseLogger - Copying 1 resource
2026-09-15 22:13:41,180 [Worker-0: Building workspace] WARN  o.e.m.c.i.embedder.EclipseLogger - Using platform encoding (Cp1252 actually) to copy filtered resources, i.e. build is platform dependent!
2026-09-15 22:13:41,181 [Worker-0: Building workspace] INFO  o.e.m.c.i.embedder.EclipseLogger - skip non existing resourceDirectory D:\Rays\WorkSpaces\Interviews\DynamicWeb\src\test\resources
2026-09-15 22:14:18,851 [Worker-15: Building workspace] ERROR o.e.m.c.i.p.r.ProjectRegistryManager - Could not read pom.xml
org.eclipse.core.runtime.CoreException: Could not read pom.xml
	at org.eclipse.m2e.core.internal.embedder.MavenImpl.readModel(MavenImpl.java:559) ~[na:na]
	at org.eclipse.m2e.core.internal.embedder.MavenImpl.readModel(MavenImpl.java:568) ~[na:na]
	at org.eclipse.m2e.core.internal.project.registry.ProjectRegistryManager.refreshPhase2(ProjectRegistryManager.java:537) ~[na:na]
	at org.eclipse.m2e.core.internal.project.registry.ProjectRegistryManager.refresh(ProjectRegistryManager.java:493) ~[na:na]
	at org.eclipse.m2e.core.internal.project.registry.ProjectRegistryManager.refresh(ProjectRegistryManager.java:349) ~[na:na]
	at org.eclipse.m2e.core.internal.project.registry.ProjectRegistryManager.refresh(ProjectRegistryManager.java:296) ~[na:na]
	at org.eclipse.m2e.core.internal.builder.MavenBuilder$BuildMethod.getProjectFacade(MavenBuilder.java:155) ~[na:na]
	at org.eclipse.m2e.core.internal.builder.MavenBuilder$BuildMethod$1.call(MavenBuilder.java:90) ~[na:na]
	at org.eclipse.m2e.core.internal.embedder.MavenExecutionContext.executeBare(MavenExecutionContext.java:177) ~[na:na]
	at org.eclipse.m2e.core.internal.embedder.MavenExecutionContext.execute(MavenExecutionContext.java:151) ~[na:na]
	at org.eclipse.m2e.core.internal.embedder.MavenExecutionContext.execute(MavenExecutionContext.java:99) ~[na:na]
	at org.eclipse.m2e.core.internal.builder.MavenBuilder$BuildMethod.execute(MavenBuilder.java:87) ~[na:na]
	at org.eclipse.m2e.core.internal.builder.MavenBuilder.build(MavenBuilder.java:201) ~[na:na]
	at org.eclipse.core.internal.events.BuildManager$2.run(BuildManager.java:833) ~[na:na]
	at org.eclipse.core.runtime.SafeRunner.run(SafeRunner.java:45) ~[org.eclipse.equinox.common_3.10.300.v20190218-2100.jar:na]
	at org.eclipse.core.internal.events.BuildManager.basicBuild(BuildManager.java:220) ~[na:na]
	at org.eclipse.core.internal.events.BuildManager.basicBuild(BuildManager.java:263) ~[na:na]
	at org.eclipse.core.internal.events.BuildManager$1.run(BuildManager.java:316) ~[na:na]
	at org.eclipse.core.runtime.SafeRunner.run(SafeRunner.java:45) ~[org.eclipse.equinox.common_3.10.300.v20190218-2100.jar:na]
	at org.eclipse.core.internal.events.BuildManager.basicBuild(BuildManager.java:319) ~[na:na]
	at org.eclipse.core.internal.events.BuildManager.basicBuildLoop(BuildManager.java:371) ~[na:na]
	at org.eclipse.core.internal.events.BuildManager.build(BuildManager.java:392) ~[na:na]
	at org.eclipse.core.internal.events.AutoBuildJob.doBuild(AutoBuildJob.java:154) ~[na:na]
	at org.eclipse.core.internal.events.AutoBuildJob.run(AutoBuildJob.java:244) ~[na:na]
	at org.eclipse.core.internal.jobs.Worker.run(Worker.java:63) ~[org.eclipse.core.jobs_3.10.300.v20190215-2048.jar:na]
Caused by: org.apache.maven.model.io.ModelParseException: Unrecognised tag: 'dependencies' (position: START_TAG seen ...</dependency>\r\n\t\t<dependencies>... @18:17) 
	at org.apache.maven.model.io.DefaultModelReader.read(DefaultModelReader.java:114) ~[na:na]
	at org.apache.maven.model.io.DefaultModelReader.read(DefaultModelReader.java:82) ~[na:na]
	at org.eclipse.m2e.core.internal.embedder.MavenImpl.readModel(MavenImpl.java:557) ~[na:na]
	... 24 common frames omitted
Caused by: org.codehaus.plexus.util.xml.pull.XmlPullParserException: Unrecognised tag: 'dependencies' (position: START_TAG seen ...</dependency>\r\n\t\t<dependencies>... @18:17) 
	at org.apache.maven.model.io.xpp3.MavenXpp3Reader.checkUnknownElement(MavenXpp3Reader.java:178) ~[na:na]
	at org.apache.maven.model.io.xpp3.MavenXpp3Reader.parseModel(MavenXpp3Reader.java:2239) ~[na:na]
	at org.apache.maven.model.io.xpp3.MavenXpp3Reader.read(MavenXpp3Reader.java:3852) ~[na:na]
	at org.apache.maven.model.io.xpp3.MavenXpp3Reader.read(MavenXpp3Reader.java:595) ~[na:na]
	at org.apache.maven.model.io.DefaultModelReader.read(DefaultModelReader.java:109) ~[na:na]
	... 26 common frames omitted
2026-09-15 22:14:20,446 [Worker-17: Building workspace] ERROR o.e.m.c.i.p.r.ProjectRegistryManager - Could not read pom.xml
org.eclipse.core.runtime.CoreException: Could not read pom.xml
	at org.eclipse.m2e.core.internal.embedder.MavenImpl.readModel(MavenImpl.java:559) ~[na:na]
	at org.eclipse.m2e.core.internal.embedder.MavenImpl.readModel(MavenImpl.java:568) ~[na:na]
	at org.eclipse.m2e.core.internal.project.registry.ProjectRegistryManager.refreshPhase2(ProjectRegistryManager.java:537) ~[na:na]
	at org.eclipse.m2e.core.internal.project.registry.ProjectRegistryManager.refresh(ProjectRegistryManager.java:493) ~[na:na]
	at org.eclipse.m2e.core.internal.project.registry.ProjectRegistryManager.refresh(ProjectRegistryManager.java:349) ~[na:na]
	at org.eclipse.m2e.core.internal.project.registry.ProjectRegistryManager.refresh(ProjectRegistryManager.java:296) ~[na:na]
	at org.eclipse.m2e.core.internal.builder.MavenBuilder$BuildMethod.getProjectFacade(MavenBuilder.java:155) ~[na:na]
	at org.eclipse.m2e.core.internal.builder.MavenBuilder$BuildMethod$1.call(MavenBuilder.java:90) ~[na:na]
	at org.eclipse.m2e.core.internal.embedder.MavenExecutionContext.executeBare(MavenExecutionContext.java:177) ~[na:na]
	at org.eclipse.m2e.core.internal.embedder.MavenExecutionContext.execute(MavenExecutionContext.java:151) ~[na:na]
	at org.eclipse.m2e.core.internal.embedder.MavenExecutionContext.execute(MavenExecutionContext.java:99) ~[na:na]
	at org.eclipse.m2e.core.internal.builder.MavenBuilder$BuildMethod.execute(MavenBuilder.java:87) ~[na:na]
	at org.eclipse.m2e.core.internal.builder.MavenBuilder.build(MavenBuilder.java:201) ~[na:na]
	at org.eclipse.core.internal.events.BuildManager$2.run(BuildManager.java:833) ~[na:na]
	at org.eclipse.core.runtime.SafeRunner.run(SafeRunner.java:45) ~[org.eclipse.equinox.common_3.10.300.v20190218-2100.jar:na]
	at org.eclipse.core.internal.events.BuildManager.basicBuild(BuildManager.java:220) ~[na:na]
	at org.eclipse.core.internal.events.BuildManager.basicBuild(BuildManager.java:263) ~[na:na]
	at org.eclipse.core.internal.events.BuildManager$1.run(BuildManager.java:316) ~[na:na]
	at org.eclipse.core.runtime.SafeRunner.run(SafeRunner.java:45) ~[org.eclipse.equinox.common_3.10.300.v20190218-2100.jar:na]
	at org.eclipse.core.internal.events.BuildManager.basicBuild(BuildManager.java:319) ~[na:na]
	at org.eclipse.core.internal.events.BuildManager.basicBuildLoop(BuildManager.java:371) ~[na:na]
	at org.eclipse.core.internal.events.BuildManager.build(BuildManager.java:392) ~[na:na]
	at org.eclipse.core.internal.events.AutoBuildJob.doBuild(AutoBuildJob.java:154) ~[na:na]
	at org.eclipse.core.internal.events.AutoBuildJob.run(AutoBuildJob.java:244) ~[na:na]
	at org.eclipse.core.internal.jobs.Worker.run(Worker.java:63) ~[org.eclipse.core.jobs_3.10.300.v20190215-2048.jar:na]
Caused by: org.apache.maven.model.io.ModelParseException: Unrecognised tag: 'dependencies' (position: START_TAG seen ...</dependency>\r\n\t\t<dependencies>... @18:17) 
	at org.apache.maven.model.io.DefaultModelReader.read(DefaultModelReader.java:114) ~[na:na]
	at org.apache.maven.model.io.DefaultModelReader.read(DefaultModelReader.java:82) ~[na:na]
	at org.eclipse.m2e.core.internal.embedder.MavenImpl.readModel(MavenImpl.java:557) ~[na:na]
	... 24 common frames omitted
Caused by: org.codehaus.plexus.util.xml.pull.XmlPullParserException: Unrecognised tag: 'dependencies' (position: START_TAG seen ...</dependency>\r\n\t\t<dependencies>... @18:17) 
	at org.apache.maven.model.io.xpp3.MavenXpp3Reader.checkUnknownElement(MavenXpp3Reader.java:178) ~[na:na]
	at org.apache.maven.model.io.xpp3.MavenXpp3Reader.parseModel(MavenXpp3Reader.java:2239) ~[na:na]
	at org.apache.maven.model.io.xpp3.MavenXpp3Reader.read(MavenXpp3Reader.java:3852) ~[na:na]
	at org.apache.maven.model.io.xpp3.MavenXpp3Reader.read(MavenXpp3Reader.java:595) ~[na:na]
	at org.apache.maven.model.io.DefaultModelReader.read(DefaultModelReader.java:109) ~[na:na]
	... 26 common frames omitted
2026-09-15 22:14:21,793 [Worker-17: Building workspace] ERROR o.e.m.c.i.p.r.ProjectRegistryManager - Could not read pom.xml
org.eclipse.core.runtime.CoreException: Could not read pom.xml
	at org.eclipse.m2e.core.internal.embedder.MavenImpl.readModel(MavenImpl.java:559) ~[na:na]
	at org.eclipse.m2e.core.internal.embedder.MavenImpl.readModel(MavenImpl.java:568) ~[na:na]
	at org.eclipse.m2e.core.internal.project.registry.ProjectRegistryManager.refreshPhase2(ProjectRegistryManager.java:537) ~[na:na]
	at org.eclipse.m2e.core.internal.project.registry.ProjectRegistryManager.refresh(ProjectRegistryManager.java:493) ~[na:na]
	at org.eclipse.m2e.core.internal.project.registry.ProjectRegistryManager.refresh(ProjectRegistryManager.java:349) ~[na:na]
	at org.eclipse.m2e.core.internal.project.registry.ProjectRegistryManager.refresh(ProjectRegistryManager.java:296) ~[na:na]
	at org.eclipse.m2e.core.internal.builder.MavenBuilder$BuildMethod.getProjectFacade(MavenBuilder.java:155) ~[na:na]
	at org.eclipse.m2e.core.internal.builder.MavenBuilder$BuildMethod$1.call(MavenBuilder.java:90) ~[na:na]
	at org.eclipse.m2e.core.internal.embedder.MavenExecutionContext.executeBare(MavenExecutionContext.java:177) ~[na:na]
	at org.eclipse.m2e.core.internal.embedder.MavenExecutionContext.execute(MavenExecutionContext.java:151) ~[na:na]
	at org.eclipse.m2e.core.internal.embedder.MavenExecutionContext.execute(MavenExecutionContext.java:99) ~[na:na]
	at org.eclipse.m2e.core.internal.builder.MavenBuilder$BuildMethod.execute(MavenBuilder.java:87) ~[na:na]
	at org.eclipse.m2e.core.internal.builder.MavenBuilder.build(MavenBuilder.java:201) ~[na:na]
	at org.eclipse.core.internal.events.BuildManager$2.run(BuildManager.java:833) ~[na:na]
	at org.eclipse.core.runtime.SafeRunner.run(SafeRunner.java:45) ~[org.eclipse.equinox.common_3.10.300.v20190218-2100.jar:na]
	at org.eclipse.core.internal.events.BuildManager.basicBuild(BuildManager.java:220) ~[na:na]
	at org.eclipse.core.internal.events.BuildManager.basicBuild(BuildManager.java:263) ~[na:na]
	at org.eclipse.core.internal.events.BuildManager$1.run(BuildManager.java:316) ~[na:na]
	at org.eclipse.core.runtime.SafeRunner.run(SafeRunner.java:45) ~[org.eclipse.equinox.common_3.10.300.v20190218-2100.jar:na]
	at org.eclipse.core.internal.events.BuildManager.basicBuild(BuildManager.java:319) ~[na:na]
	at org.eclipse.core.internal.events.BuildManager.basicBuildLoop(BuildManager.java:371) ~[na:na]
	at org.eclipse.core.internal.events.BuildManager.build(BuildManager.java:392) ~[na:na]
	at org.eclipse.core.internal.events.AutoBuildJob.doBuild(AutoBuildJob.java:154) ~[na:na]
	at org.eclipse.core.internal.events.AutoBuildJob.run(AutoBuildJob.java:244) ~[na:na]
	at org.eclipse.core.internal.jobs.Worker.run(Worker.java:63) ~[org.eclipse.core.jobs_3.10.300.v20190215-2048.jar:na]
Caused by: org.apache.maven.model.io.ModelParseException: Unrecognised tag: 'dependencies' (position: START_TAG seen ...</dependency>\r\n\t\t<dependencies>... @18:17) 
	at org.apache.maven.model.io.DefaultModelReader.read(DefaultModelReader.java:114) ~[na:na]
	at org.apache.maven.model.io.DefaultModelReader.read(DefaultModelReader.java:82) ~[na:na]
	at org.eclipse.m2e.core.internal.embedder.MavenImpl.readModel(MavenImpl.java:557) ~[na:na]
	... 24 common frames omitted
Caused by: org.codehaus.plexus.util.xml.pull.XmlPullParserException: Unrecognised tag: 'dependencies' (position: START_TAG seen ...</dependency>\r\n\t\t<dependencies>... @18:17) 
	at org.apache.maven.model.io.xpp3.MavenXpp3Reader.checkUnknownElement(MavenXpp3Reader.java:178) ~[na:na]
	at org.apache.maven.model.io.xpp3.MavenXpp3Reader.parseModel(MavenXpp3Reader.java:2239) ~[na:na]
	at org.apache.maven.model.io.xpp3.MavenXpp3Reader.read(MavenXpp3Reader.java:3852) ~[na:na]
	at org.apache.maven.model.io.xpp3.MavenXpp3Reader.read(MavenXpp3Reader.java:595) ~[na:na]
	at org.apache.maven.model.io.DefaultModelReader.read(DefaultModelReader.java:109) ~[na:na]
	... 26 common frames omitted
2026-09-15 22:14:36,959 [Worker-0: Building workspace] INFO  o.e.m.c.i.l.LifecycleMappingFactory - Using org.maven.ide.eclipse.wtp.WarLifecycleMapping lifecycle mapping for MavenProject: com.rays.servlet:DynamicWeb:0.0.1-SNAPSHOT @ D:\Rays\WorkSpaces\Interviews\DynamicWeb\pom.xml.
2026-09-15 22:14:37,227 [Worker-19: reload maven project] INFO  o.e.m.c.i.e.AbstractTransferListenerAdapter - Downloaded https://repo.maven.apache.org/maven2/org/apache/logging/log4j/log4j-api/2.26.1/log4j-api-2.26.1.pom
2026-09-15 22:14:37,466 [Worker-19: reload maven project] INFO  o.e.m.c.i.e.AbstractTransferListenerAdapter - Downloaded https://repo.maven.apache.org/maven2/org/apache/logging/log4j/log4j/2.26.1/log4j-2.26.1.pom
2026-09-15 22:14:37,854 [Worker-19: reload maven project] INFO  o.e.m.c.i.e.AbstractTransferListenerAdapter - Downloaded https://repo.maven.apache.org/maven2/org/apache/logging/log4j/log4j-bom/2.26.1/log4j-bom-2.26.1.pom
2026-09-15 22:14:37,856 [Worker-0: Building workspace] INFO  o.e.m.c.i.e.AbstractTransferListenerAdapter - Downloaded https://repo.maven.apache.org/maven2/org/apache/logging/log4j/log4j-api/2.26.1/log4j-api-2.26.1.pom
2026-09-15 22:14:38,487 [Worker-19: reload maven project] INFO  o.e.m.c.i.e.AbstractTransferListenerAdapter - Downloaded https://repo.maven.apache.org/maven2/org/apache/groovy/groovy-bom/4.0.27/groovy-bom-4.0.27.pom
2026-09-15 22:14:38,493 [Worker-0: Building workspace] INFO  o.e.m.c.i.e.AbstractTransferListenerAdapter - Downloaded https://repo.maven.apache.org/maven2/org/apache/groovy/groovy-bom/4.0.27/groovy-bom-4.0.27.pom
2026-09-15 22:14:38,792 [Worker-19: reload maven project] INFO  o.e.m.c.i.e.AbstractTransferListenerAdapter - Downloaded https://repo.maven.apache.org/maven2/com/fasterxml/jackson/jackson-bom/2.19.2/jackson-bom-2.19.2.pom
2026-09-15 22:14:38,798 [Worker-0: Building workspace] INFO  o.e.m.c.i.e.AbstractTransferListenerAdapter - Downloaded https://repo.maven.apache.org/maven2/com/fasterxml/jackson/jackson-bom/2.19.2/jackson-bom-2.19.2.pom
2026-09-15 22:14:39,118 [Worker-0: Building workspace] INFO  o.e.m.c.i.e.AbstractTransferListenerAdapter - Downloaded https://repo.maven.apache.org/maven2/com/fasterxml/jackson/jackson-parent/2.19.3/jackson-parent-2.19.3.pom
2026-09-15 22:14:39,121 [Worker-19: reload maven project] INFO  o.e.m.c.i.e.AbstractTransferListenerAdapter - Downloaded https://repo.maven.apache.org/maven2/com/fasterxml/jackson/jackson-parent/2.19.3/jackson-parent-2.19.3.pom
2026-09-15 22:14:39,524 [Worker-0: Building workspace] INFO  o.e.m.c.i.e.AbstractTransferListenerAdapter - Downloaded https://repo.maven.apache.org/maven2/com/fasterxml/oss-parent/69/oss-parent-69.pom
2026-09-15 22:14:39,544 [Worker-19: reload maven project] INFO  o.e.m.c.i.e.AbstractTransferListenerAdapter - Downloaded https://repo.maven.apache.org/maven2/com/fasterxml/oss-parent/69/oss-parent-69.pom
2026-09-15 22:14:40,135 [Worker-0: Building workspace] INFO  o.e.m.c.i.e.AbstractTransferListenerAdapter - Downloaded https://repo.maven.apache.org/maven2/org/junit/junit-bom/5.13.4/junit-bom-5.13.4.pom
2026-09-15 22:14:40,141 [Worker-19: reload maven project] INFO  o.e.m.c.i.e.AbstractTransferListenerAdapter - Downloaded https://repo.maven.apache.org/maven2/org/junit/junit-bom/5.13.4/junit-bom-5.13.4.pom
2026-09-15 22:14:40,541 [Worker-0: Building workspace] INFO  o.e.m.c.i.e.AbstractTransferListenerAdapter - Downloaded https://repo.maven.apache.org/maven2/org/springframework/spring-framework-bom/5.3.39/spring-framework-bom-5.3.39.pom
2026-09-15 22:14:40,547 [Worker-19: reload maven project] INFO  o.e.m.c.i.e.AbstractTransferListenerAdapter - Downloaded https://repo.maven.apache.org/maven2/org/springframework/spring-framework-bom/5.3.39/spring-framework-bom-5.3.39.pom
2026-09-15 22:14:40,831 [Worker-19: reload maven project] INFO  o.e.m.c.i.e.AbstractTransferListenerAdapter - Downloading https://repo.maven.apache.org/maven2/org/apache/logging/log4j/log4j-api/2.26.1/log4j-api-2.26.1.jar
2026-09-15 22:14:40,831 [Worker-0: Building workspace] INFO  o.e.m.c.i.e.AbstractTransferListenerAdapter - Downloading https://repo.maven.apache.org/maven2/org/apache/logging/log4j/log4j-api/2.26.1/log4j-api-2.26.1.jar
2026-09-15 22:14:41,042 [Worker-0: Building workspace] INFO  o.e.m.c.i.e.AbstractTransferListenerAdapter - Downloaded https://repo.maven.apache.org/maven2/org/apache/logging/log4j/log4j-api/2.26.1/log4j-api-2.26.1.jar
2026-09-15 22:14:41,265 [Worker-19: reload maven project] INFO  o.e.m.c.i.e.AbstractTransferListenerAdapter - Downloaded https://repo.maven.apache.org/maven2/org/apache/logging/log4j/log4j-api/2.26.1/log4j-api-2.26.1.jar
2026-09-15 22:14:42,316 [Worker-0: Building workspace] WARN  o.e.m.c.i.embedder.EclipseLogger - Using platform encoding (Cp1252 actually) to copy filtered resources, i.e. build is platform dependent!
2026-09-15 22:14:42,320 [Worker-0: Building workspace] INFO  o.e.m.c.i.embedder.EclipseLogger - Copying 0 resource
2026-09-15 22:14:42,323 [Worker-0: Building workspace] WARN  o.e.m.c.i.embedder.EclipseLogger - Using platform encoding (Cp1252 actually) to copy filtered resources, i.e. build is platform dependent!
2026-09-15 22:14:42,324 [Worker-0: Building workspace] INFO  o.e.m.c.i.embedder.EclipseLogger - skip non existing resourceDirectory D:\Rays\WorkSpaces\Interviews\DynamicWeb\src\test\resources
2026-09-15 22:14:42,324 [Worker-0: Building workspace] INFO  o.e.m.w.i.f.ResourceFilteringBuildParticipant - Changed resources require a complete clean of filtered resources of DynamicWeb
2026-09-15 22:14:42,325 [Worker-0: Building workspace] INFO  o.e.m.w.i.f.ResourceFilteringBuildParticipant - Executing resource filtering for DynamicWeb
2026-09-15 22:14:42,330 [Worker-0: Building workspace] WARN  o.e.m.c.i.embedder.EclipseLogger - Using platform encoding (Cp1252 actually) to copy filtered resources, i.e. build is platform dependent!
2026-09-15 22:14:42,838 [Worker-0: Building workspace] WARN  o.e.m.c.i.embedder.EclipseLogger - Using platform encoding (Cp1252 actually) to copy filtered resources, i.e. build is platform dependent!
2026-09-15 22:14:42,839 [Worker-0: Building workspace] INFO  o.e.m.c.i.embedder.EclipseLogger - Copying 1 resource
2026-09-15 22:14:42,850 [Worker-0: Building workspace] WARN  o.e.m.c.i.embedder.EclipseLogger - Using platform encoding (Cp1252 actually) to copy filtered resources, i.e. build is platform dependent!
2026-09-15 22:14:42,851 [Worker-0: Building workspace] INFO  o.e.m.c.i.embedder.EclipseLogger - skip non existing resourceDirectory D:\Rays\WorkSpaces\Interviews\DynamicWeb\src\test\resources
2026-09-15 22:14:44,114 [Worker-15: Download sources and javadoc] INFO  o.e.m.c.i.e.AbstractTransferListenerAdapter - Downloading https://repo.maven.apache.org/maven2/org/apache/logging/log4j/log4j-api/2.26.1/log4j-api-2.26.1-sources.jar
2026-09-15 22:14:44,837 [Worker-15: Download sources and javadoc] INFO  o.e.m.c.i.e.AbstractTransferListenerAdapter - Downloaded https://repo.maven.apache.org/maven2/org/apache/logging/log4j/log4j-api/2.26.1/log4j-api-2.26.1-sources.jar
2026-09-15 22:14:44,984 [Worker-15: Download sources and javadoc] INFO  o.e.m.j.internal.DownloadSourcesJob - Downloaded sources for org.apache.logging.log4j:log4j-api:2.26.1
2026-09-15 22:14:45,250 [Worker-21: Building workspace] WARN  o.e.m.c.i.embedder.EclipseLogger - Using platform encoding (Cp1252 actually) to copy filtered resources, i.e. build is platform dependent!
2026-09-15 22:14:45,251 [Worker-21: Building workspace] INFO  o.e.m.c.i.embedder.EclipseLogger - Copying 0 resource
2026-09-15 22:14:45,252 [Worker-21: Building workspace] WARN  o.e.m.c.i.embedder.EclipseLogger - Using platform encoding (Cp1252 actually) to copy filtered resources, i.e. build is platform dependent!
2026-09-15 22:14:45,253 [Worker-21: Building workspace] INFO  o.e.m.c.i.embedder.EclipseLogger - skip non existing resourceDirectory D:\Rays\WorkSpaces\Interviews\DynamicWeb\src\test\resources
2026-09-15 22:14:50,178 [Worker-15: Building workspace] WARN  o.e.m.c.i.embedder.EclipseLogger - Using platform encoding (Cp1252 actually) to copy filtered resources, i.e. build is platform dependent!
2026-09-15 22:14:50,179 [Worker-15: Building workspace] INFO  o.e.m.c.i.embedder.EclipseLogger - Copying 1 resource
2026-09-15 22:14:50,181 [Worker-15: Building workspace] WARN  o.e.m.c.i.embedder.EclipseLogger - Using platform encoding (Cp1252 actually) to copy filtered resources, i.e. build is platform dependent!
2026-09-15 22:14:50,182 [Worker-15: Building workspace] INFO  o.e.m.c.i.embedder.EclipseLogger - skip non existing resourceDirectory D:\Rays\WorkSpaces\Interviews\DynamicWeb\src\test\resources
2026-09-15 22:14:57,862 [Worker-20: Building workspace] WARN  o.e.m.c.i.embedder.EclipseLogger - Using platform encoding (Cp1252 actually) to copy filtered resources, i.e. build is platform dependent!
2026-09-15 22:14:57,864 [Worker-20: Building workspace] INFO  o.e.m.c.i.embedder.EclipseLogger - Copying 1 resource
2026-09-15 22:14:57,866 [Worker-20: Building workspace] WARN  o.e.m.c.i.embedder.EclipseLogger - Using platform encoding (Cp1252 actually) to copy filtered resources, i.e. build is platform dependent!
2026-09-15 22:14:57,867 [Worker-20: Building workspace] INFO  o.e.m.c.i.embedder.EclipseLogger - skip non existing resourceDirectory D:\Rays\WorkSpaces\Interviews\DynamicWeb\src\test\resources
2026-09-15 22:15:07,869 [Worker-0: Building workspace] WARN  o.e.m.c.i.embedder.EclipseLogger - Using platform encoding (Cp1252 actually) to copy filtered resources, i.e. build is platform dependent!
2026-09-15 22:15:07,870 [Worker-0: Building workspace] INFO  o.e.m.c.i.embedder.EclipseLogger - Copying 1 resource
2026-09-15 22:15:07,873 [Worker-0: Building workspace] WARN  o.e.m.c.i.embedder.EclipseLogger - Using platform encoding (Cp1252 actually) to copy filtered resources, i.e. build is platform dependent!
2026-09-15 22:15:07,874 [Worker-0: Building workspace] INFO  o.e.m.c.i.embedder.EclipseLogger - skip non existing resourceDirectory D:\Rays\WorkSpaces\Interviews\DynamicWeb\src\test\resources
2026-09-15 22:15:17,926 [Worker-19: Updating Maven Project] INFO  o.e.m.c.i.p.ProjectConfigurationManager - Update started
2026-09-15 22:15:18,429 [Worker-19: Updating Maven Project] INFO  o.e.m.c.i.l.LifecycleMappingFactory - Using org.maven.ide.eclipse.wtp.WarLifecycleMapping lifecycle mapping for MavenProject: com.rays.servlet:DynamicWeb:0.0.1-SNAPSHOT @ D:\Rays\WorkSpaces\Interviews\DynamicWeb\pom.xml.
2026-09-15 22:15:19,096 [Worker-19: Updating Maven Project] INFO  o.e.m.j.i.AbstractJavaProjectConfigurator - Adding source folder /DynamicWeb/src/main/java
2026-09-15 22:15:19,097 [Worker-19: Updating Maven Project] INFO  o.e.m.j.i.AbstractJavaProjectConfigurator - Adding resource folder /DynamicWeb/src/main/resources
2026-09-15 22:15:19,098 [Worker-19: Updating Maven Project] INFO  o.e.m.j.i.AbstractJavaProjectConfigurator - Adding source folder /DynamicWeb/src/test/java
2026-09-15 22:15:20,173 [Worker-19: Updating Maven Project] INFO  o.e.m.w.i.f.ResourceFilteringBuildParticipant - Cleaning filtered folder for DynamicWeb
2026-09-15 22:15:20,179 [Worker-19: Updating Maven Project] INFO  o.e.m.c.i.p.ProjectConfigurationManager - Update completed: 2 sec
2026-09-15 22:15:20,558 [Worker-15: Building workspace] WARN  o.e.m.c.i.embedder.EclipseLogger - Using platform encoding (Cp1252 actually) to copy filtered resources, i.e. build is platform dependent!
2026-09-15 22:15:20,560 [Worker-15: Building workspace] INFO  o.e.m.c.i.embedder.EclipseLogger - Copying 1 resource
2026-09-15 22:15:20,573 [Worker-15: Building workspace] WARN  o.e.m.c.i.embedder.EclipseLogger - Using platform encoding (Cp1252 actually) to copy filtered resources, i.e. build is platform dependent!
2026-09-15 22:15:20,574 [Worker-15: Building workspace] INFO  o.e.m.c.i.embedder.EclipseLogger - skip non existing resourceDirectory D:\Rays\WorkSpaces\Interviews\DynamicWeb\src\test\resources
2026-09-15 22:15:20,575 [Worker-15: Building workspace] INFO  o.e.m.w.i.f.ResourceFilteringBuildParticipant - Changed resources require a complete clean of filtered resources of DynamicWeb
2026-09-15 22:15:20,575 [Worker-15: Building workspace] INFO  o.e.m.w.i.f.ResourceFilteringBuildParticipant - Executing resource filtering for DynamicWeb
2026-09-15 22:15:20,579 [Worker-15: Building workspace] WARN  o.e.m.c.i.embedder.EclipseLogger - Using platform encoding (Cp1252 actually) to copy filtered resources, i.e. build is platform dependent!
2026-09-15 22:15:58,614 [Worker-20: Building workspace] WARN  o.e.m.c.i.embedder.EclipseLogger - Using platform encoding (Cp1252 actually) to copy filtered resources, i.e. build is platform dependent!
2026-09-15 22:15:58,618 [Worker-20: Building workspace] INFO  o.e.m.c.i.embedder.EclipseLogger - Copying 1 resource
2026-09-15 22:15:58,620 [Worker-20: Building workspace] WARN  o.e.m.c.i.embedder.EclipseLogger - Using platform encoding (Cp1252 actually) to copy filtered resources, i.e. build is platform dependent!
2026-09-15 22:15:58,621 [Worker-20: Building workspace] INFO  o.e.m.c.i.embedder.EclipseLogger - skip non existing resourceDirectory D:\Rays\WorkSpaces\Interviews\DynamicWeb\src\test\resources
2026-09-15 22:16:26,031 [Worker-21: Building workspace] WARN  o.e.m.c.i.embedder.EclipseLogger - Using platform encoding (Cp1252 actually) to copy filtered resources, i.e. build is platform dependent!
2026-09-15 22:16:26,033 [Worker-21: Building workspace] INFO  o.e.m.c.i.embedder.EclipseLogger - Copying 1 resource
2026-09-15 22:16:26,037 [Worker-21: Building workspace] WARN  o.e.m.c.i.embedder.EclipseLogger - Using platform encoding (Cp1252 actually) to copy filtered resources, i.e. build is platform dependent!
2026-09-15 22:16:26,042 [Worker-21: Building workspace] INFO  o.e.m.c.i.embedder.EclipseLogger - skip non existing resourceDirectory D:\Rays\WorkSpaces\Interviews\DynamicWeb\src\test\resources
2026-09-15 22:16:55,123 [Worker-17: Building workspace] WARN  o.e.m.c.i.embedder.EclipseLogger - Using platform encoding (Cp1252 actually) to copy filtered resources, i.e. build is platform dependent!
2026-09-15 22:16:55,125 [Worker-17: Building workspace] INFO  o.e.m.c.i.embedder.EclipseLogger - Copying 1 resource
2026-09-15 22:16:55,127 [Worker-17: Building workspace] WARN  o.e.m.c.i.embedder.EclipseLogger - Using platform encoding (Cp1252 actually) to copy filtered resources, i.e. build is platform dependent!
2026-09-15 22:16:55,129 [Worker-17: Building workspace] INFO  o.e.m.c.i.embedder.EclipseLogger - skip non existing resourceDirectory D:\Rays\WorkSpaces\Interviews\DynamicWeb\src\test\resources
2026-09-15 22:21:08,366 [Worker-29: Building workspace] INFO  o.e.m.c.i.l.LifecycleMappingFactory - Using org.maven.ide.eclipse.wtp.WarLifecycleMapping lifecycle mapping for MavenProject: com.rays.servlet:DynamicWeb:0.0.1-SNAPSHOT @ D:\Rays\WorkSpaces\Interviews\DynamicWeb\pom.xml.
2026-09-15 22:21:09,004 [Worker-29: Building workspace] WARN  o.e.m.c.i.embedder.EclipseLogger - Using platform encoding (Cp1252 actually) to copy filtered resources, i.e. build is platform dependent!
2026-09-15 22:21:09,007 [Worker-29: Building workspace] INFO  o.e.m.c.i.embedder.EclipseLogger - Copying 0 resource
2026-09-15 22:21:09,008 [Worker-29: Building workspace] WARN  o.e.m.c.i.embedder.EclipseLogger - Using platform encoding (Cp1252 actually) to copy filtered resources, i.e. build is platform dependent!
2026-09-15 22:21:09,010 [Worker-29: Building workspace] INFO  o.e.m.c.i.embedder.EclipseLogger - skip non existing resourceDirectory D:\Rays\WorkSpaces\Interviews\DynamicWeb\src\test\resources
2026-09-15 22:21:09,011 [Worker-29: Building workspace] INFO  o.e.m.w.i.f.ResourceFilteringBuildParticipant - Changed resources require a complete clean of filtered resources of DynamicWeb
2026-09-15 22:21:09,011 [Worker-29: Building workspace] INFO  o.e.m.w.i.f.ResourceFilteringBuildParticipant - Executing resource filtering for DynamicWeb
2026-09-15 22:21:09,016 [Worker-29: Building workspace] WARN  o.e.m.c.i.embedder.EclipseLogger - Using platform encoding (Cp1252 actually) to copy filtered resources, i.e. build is platform dependent!
2026-09-15 22:21:10,243 [Worker-27: Building workspace] WARN  o.e.m.c.i.embedder.EclipseLogger - Using platform encoding (Cp1252 actually) to copy filtered resources, i.e. build is platform dependent!
2026-09-15 22:21:10,244 [Worker-27: Building workspace] INFO  o.e.m.c.i.embedder.EclipseLogger - Copying 1 resource
2026-09-15 22:21:10,253 [Worker-27: Building workspace] WARN  o.e.m.c.i.embedder.EclipseLogger - Using platform encoding (Cp1252 actually) to copy filtered resources, i.e. build is platform dependent!
2026-09-15 22:21:10,254 [Worker-27: Building workspace] INFO  o.e.m.c.i.embedder.EclipseLogger - skip non existing resourceDirectory D:\Rays\WorkSpaces\Interviews\DynamicWeb\src\test\resources
2026-09-15 22:23:05,828 [Worker-31: Building workspace] WARN  o.e.m.c.i.embedder.EclipseLogger - Using platform encoding (Cp1252 actually) to copy filtered resources, i.e. build is platform dependent!
2026-09-15 22:23:05,830 [Worker-31: Building workspace] INFO  o.e.m.c.i.embedder.EclipseLogger - Copying 1 resource
2026-09-15 22:23:05,831 [Worker-31: Building workspace] WARN  o.e.m.c.i.embedder.EclipseLogger - Using platform encoding (Cp1252 actually) to copy filtered resources, i.e. build is platform dependent!
2026-09-15 22:23:05,832 [Worker-31: Building workspace] INFO  o.e.m.c.i.embedder.EclipseLogger - skip non existing resourceDirectory D:\Rays\WorkSpaces\Interviews\DynamicWeb\src\test\resources
2026-09-15 22:23:26,730 [Worker-30: Building workspace] WARN  o.e.m.c.i.embedder.EclipseLogger - Using platform encoding (Cp1252 actually) to copy filtered resources, i.e. build is platform dependent!
2026-09-15 22:23:26,731 [Worker-30: Building workspace] INFO  o.e.m.c.i.embedder.EclipseLogger - Copying 1 resource
2026-09-15 22:23:26,734 [Worker-30: Building workspace] WARN  o.e.m.c.i.embedder.EclipseLogger - Using platform encoding (Cp1252 actually) to copy filtered resources, i.e. build is platform dependent!
2026-09-15 22:23:26,736 [Worker-30: Building workspace] INFO  o.e.m.c.i.embedder.EclipseLogger - skip non existing resourceDirectory D:\Rays\WorkSpaces\Interviews\DynamicWeb\src\test\resources
2026-09-15 22:23:50,921 [Worker-27: Building workspace] WARN  o.e.m.c.i.embedder.EclipseLogger - Using platform encoding (Cp1252 actually) to copy filtered resources, i.e. build is platform dependent!
2026-09-15 22:23:50,922 [Worker-27: Building workspace] INFO  o.e.m.c.i.embedder.EclipseLogger - Copying 1 resource
2026-09-15 22:23:50,923 [Worker-27: Building workspace] WARN  o.e.m.c.i.embedder.EclipseLogger - Using platform encoding (Cp1252 actually) to copy filtered resources, i.e. build is platform dependent!
2026-09-15 22:23:50,924 [Worker-27: Building workspace] INFO  o.e.m.c.i.embedder.EclipseLogger - skip non existing resourceDirectory D:\Rays\WorkSpaces\Interviews\DynamicWeb\src\test\resources
2026-09-15 22:24:18,017 [Worker-32: Building workspace] WARN  o.e.m.c.i.embedder.EclipseLogger - Using platform encoding (Cp1252 actually) to copy filtered resources, i.e. build is platform dependent!
2026-09-15 22:24:18,020 [Worker-32: Building workspace] INFO  o.e.m.c.i.embedder.EclipseLogger - Copying 1 resource
2026-09-15 22:24:18,021 [Worker-32: Building workspace] WARN  o.e.m.c.i.embedder.EclipseLogger - Using platform encoding (Cp1252 actually) to copy filtered resources, i.e. build is platform dependent!
2026-09-15 22:24:18,022 [Worker-32: Building workspace] INFO  o.e.m.c.i.embedder.EclipseLogger - skip non existing resourceDirectory D:\Rays\WorkSpaces\Interviews\DynamicWeb\src\test\resources
2026-09-15 22:24:31,949 [Worker-27: Building workspace] WARN  o.e.m.c.i.embedder.EclipseLogger - Using platform encoding (Cp1252 actually) to copy filtered resources, i.e. build is platform dependent!
2026-09-15 22:24:31,951 [Worker-27: Building workspace] INFO  o.e.m.c.i.embedder.EclipseLogger - Copying 1 resource
2026-09-15 22:24:31,954 [Worker-27: Building workspace] WARN  o.e.m.c.i.embedder.EclipseLogger - Using platform encoding (Cp1252 actually) to copy filtered resources, i.e. build is platform dependent!
2026-09-15 22:24:31,955 [Worker-27: Building workspace] INFO  o.e.m.c.i.embedder.EclipseLogger - skip non existing resourceDirectory D:\Rays\WorkSpaces\Interviews\DynamicWeb\src\test\resources
2026-09-17 01:18:38,840 [Worker-5: Loading available Gradle versions] INFO  o.e.b.c.i.u.g.PublishedGradleVersions - Gradle version information cache is out-of-date. Trying to update.
2026-09-17 01:18:48,600 [Worker-1: Building workspace] WARN  o.e.m.c.i.embedder.EclipseLogger - Using platform encoding (Cp1252 actually) to copy filtered resources, i.e. build is platform dependent!
2026-09-17 01:18:48,606 [Worker-1: Building workspace] INFO  o.e.m.c.i.embedder.EclipseLogger - Copying 1 resource
2026-09-17 01:18:48,612 [Worker-1: Building workspace] WARN  o.e.m.c.i.embedder.EclipseLogger - Using platform encoding (Cp1252 actually) to copy filtered resources, i.e. build is platform dependent!
2026-09-17 01:18:48,613 [Worker-1: Building workspace] INFO  o.e.m.c.i.embedder.EclipseLogger - skip non existing resourceDirectory D:\Rays\WorkSpaces\Interviews\DynamicWeb\src\test\resources
